zone,pair,dt_days,season,mean_coh,n_px
A,20220110_20220122,12,hiver,0.813941240310669,499
B,20220110_20220122,12,hiver,0.8751490116119385,65
C,20220110_20220122,12,hiver,0.8178190588951111,394
D,20220110_20220122,12,hiver,0.5206608772277832,10571
A,20220110_20220203,24,hiver,0.3773496150970459,499
B,20220110_20220203,24,hiver,0.35948988795280457,65
C,20220110_20220203,24,hiver,0.5702066421508789,394
D,20220110_20220203,24,hiver,0.38897934556007385,10538
A,20220110_20220215,36,hiver,0.32400140166282654,499
B,20220110_20220215,36,hiver,0.2934194803237915,65
C,20220110_20220215,36,hiver,0.47479113936424255,394
D,20220110_20220215,36,hiver,0.3510659337043762,10456
A,20220110_20220227,48,hiver,0.33298787474632263,499
B,20220110_20220227,48,hiver,0.34709346294403076,65
C,20220110_20220227,48,hiver,0.48012593388557434,394
D,20220110_20220227,48,hiver,0.35215824842453003,10539
A,20220122_20220203,12,hiver,0.38581758737564087,499
B,20220122_20220203,12,hiver,0.311318576335907,65
C,20220122_20220203,12,hiver,0.5941081643104553,394
D,20220122_20220203,12,hiver,0.3891526758670807,10559
A,20220122_20220215,24,hiver,0.3367554843425751,499
B,20220122_20220215,24,hiver,0.4194567799568176,65
C,20220122_20220215,24,hiver,0.490831583738327,394
D,20220122_20220215,24,hiver,0.36694037914276123,10485
A,20220122_20220227,36,hiver,0.35275334119796753,499
B,20220122_20220227,36,hiver,0.43977439403533936,65
C,20220122_20220227,36,hiver,0.4947672486305237,394
D,20220122_20220227,36,hiver,0.34961435198783875,10522
A,20220122_20220311,48,hiver,0.32448846101760864,499
B,20220122_20220311,48,hiver,0.27996134757995605,65
C,20220122_20220311,48,hiver,0.46515318751335144,394
D,20220122_20220311,48,hiver,0.3487686216831207,10559
A,20220203_20220215,12,hiver,0.4960522949695587,499
B,20220203_20220215,12,hiver,0.37725093960762024,65
C,20220203_20220215,12,hiver,0.7793044447898865,394
D,20220203_20220215,12,hiver,0.628354549407959,10500
A,20220203_20220227,24,hiver,0.447159081697464,499
B,20220203_20220227,24,hiver,0.4539492428302765,65
C,20220203_20220227,24,hiver,0.6709489226341248,394
D,20220203_20220227,24,hiver,0.48962855339050293,10534
A,20220203_20220311,36,hiver,0.3214794397354126,499
B,20220203_20220311,36,hiver,0.27757540345191956,65
C,20220203_20220311,36,hiver,0.4150688052177429,394
D,20220203_20220311,36,hiver,0.3308165967464447,10534
A,20220203_20220323,48,hiver,0.3135887682437897,499
B,20220203_20220323,48,hiver,0.3724428415298462,65
C,20220203_20220323,48,hiver,0.36238858103752136,394
D,20220203_20220323,48,hiver,0.31371742486953735,10534
A,20220215_20220227,12,hiver,0.4259830713272095,499
B,20220215_20220227,12,hiver,0.2900265157222748,65
C,20220215_20220227,12,hiver,0.697863757610321,394
D,20220215_20220227,12,hiver,0.516959547996521,10516
A,20220215_20220311,24,hiver,0.3011283874511719,499
B,20220215_20220311,24,hiver,0.3209610879421234,65
C,20220215_20220311,24,hiver,0.4133102595806122,394
D,20220215_20220311,24,hiver,0.3285481333732605,10560
A,20220215_20220323,36,hiver,0.3055464029312134,499
B,20220215_20220323,36,hiver,0.29595619440078735,65
C,20220215_20220323,36,hiver,0.3487285375595093,394
D,20220215_20220323,36,hiver,0.3128228485584259,10518
A,20220215_20220404,48,hiver,0.30769920349121094,499
B,20220215_20220404,48,hiver,0.32048121094703674,65
C,20220215_20220404,48,hiver,0.36371368169784546,394
D,20220215_20220404,48,hiver,0.31278467178344727,10446
A,20220227_20220311,12,hiver,0.4396434426307678,499
B,20220227_20220311,12,hiver,0.4049678444862366,65
C,20220227_20220311,12,hiver,0.5449115037918091,394
D,20220227_20220311,12,hiver,0.3843194842338562,10570
A,20220227_20220323,24,hiver,0.3579219579696655,499
B,20220227_20220323,24,hiver,0.5371484756469727,65
C,20220227_20220323,24,hiver,0.4370088577270508,394
D,20220227_20220323,24,hiver,0.3355473577976227,10530
A,20220227_20220404,36,hiver,0.3645176589488983,499
B,20220227_20220404,36,hiver,0.27818289399147034,65
C,20220227_20220404,36,hiver,0.4502912759780884,394
D,20220227_20220404,36,hiver,0.33826321363449097,10450
A,20220227_20220416,48,hiver,0.3844527304172516,499
B,20220227_20220416,48,hiver,0.4085007309913635,65
C,20220227_20220416,48,hiver,0.6519115567207336,394
D,20220227_20220416,48,hiver,0.538209080696106,10490
A,20220311_20220323,12,printemps,0.5938339233398438,499
B,20220311_20220323,12,printemps,0.42364513874053955,65
C,20220311_20220323,12,printemps,0.8218091726303101,394
D,20220311_20220323,12,printemps,0.7171081900596619,10533
A,20220311_20220404,24,printemps,0.36196815967559814,499
B,20220311_20220404,24,printemps,0.40706148743629456,65
C,20220311_20220404,24,printemps,0.48981672525405884,394
D,20220311_20220404,24,printemps,0.34798943996429443,10451
A,20220311_20220416,36,printemps,0.3112463355064392,499
B,20220311_20220416,36,printemps,0.28070464730262756,65
C,20220311_20220416,36,printemps,0.38704127073287964,394
D,20220311_20220416,36,printemps,0.3270918130874634,10451
A,20220311_20220428,48,printemps,0.3181387484073639,499
B,20220311_20220428,48,printemps,0.34153157472610474,65
C,20220311_20220428,48,printemps,0.458097904920578,394
D,20220311_20220428,48,printemps,0.3716925382614136,10535
A,20220323_20220404,12,printemps,0.49368080496788025,499
B,20220323_20220404,12,printemps,0.34719201922416687,65
C,20220323_20220404,12,printemps,0.6302317380905151,394
D,20220323_20220404,12,printemps,0.4143318235874176,10468
A,20220323_20220416,24,printemps,0.3539412319660187,499
B,20220323_20220416,24,printemps,0.6160174012184143,65
C,20220323_20220416,24,printemps,0.4250886142253876,394
D,20220323_20220416,24,printemps,0.3258085548877716,10468
A,20220323_20220428,36,printemps,0.36208245158195496,499
B,20220323_20220428,36,printemps,0.32892513275146484,65
C,20220323_20220428,36,printemps,0.6681899428367615,394
D,20220323_20220428,36,printemps,0.6369428634643555,10550
A,20220323_20220510,48,printemps,0.3077324628829956,499
B,20220323_20220510,48,printemps,0.2794067859649658,65
C,20220323_20220510,48,printemps,0.38471898436546326,394
D,20220323_20220510,48,printemps,0.3269689083099365,10551
A,20220404_20220416,12,printemps,0.46698516607284546,499
B,20220404_20220416,12,printemps,0.31657925248146057,65
C,20220404_20220416,12,printemps,0.5122178196907043,394
D,20220404_20220416,12,printemps,0.3608565628528595,10477
A,20220404_20220428,24,printemps,0.7189568281173706,499
B,20220404_20220428,24,printemps,0.8195293545722961,65
C,20220404_20220428,24,printemps,0.6969703435897827,394
D,20220404_20220428,24,printemps,0.4298226833343506,10554
A,20220404_20220510,36,printemps,0.3843206763267517,499
B,20220404_20220510,36,printemps,0.2773483097553253,65
C,20220404_20220510,36,printemps,0.46754133701324463,394
D,20220404_20220510,36,printemps,0.3415054976940155,10557
A,20220404_20220522,48,printemps,0.3026459217071533,499
B,20220404_20220522,48,printemps,0.28887370228767395,65
C,20220404_20220522,48,printemps,0.30672457814216614,394
D,20220404_20220522,48,printemps,0.30288374423980713,10559
A,20220416_20220428,12,printemps,0.6078062057495117,499
B,20220416_20220428,12,printemps,0.32337841391563416,65
C,20220416_20220428,12,printemps,0.6243045926094055,394
D,20220416_20220428,12,printemps,0.43399322032928467,10551
A,20220416_20220510,24,printemps,0.32471993565559387,499
B,20220416_20220510,24,printemps,0.2748337686061859,65
C,20220416_20220510,24,printemps,0.36394885182380676,394
D,20220416_20220510,24,printemps,0.3155845105648041,10552
A,20220416_20220522,36,printemps,0.2954293489456177,499
B,20220416_20220522,36,printemps,0.28070271015167236,65
C,20220416_20220522,36,printemps,0.4477613568305969,394
D,20220416_20220522,36,printemps,0.38173067569732666,10557
A,20220416_20220603,48,printemps,0.30067744851112366,499
B,20220416_20220603,48,printemps,0.31078222393989563,65
C,20220416_20220603,48,printemps,0.36556047201156616,394
D,20220416_20220603,48,printemps,0.3367098569869995,10433
A,20220428_20220510,12,printemps,0.5064135193824768,499
B,20220428_20220510,12,printemps,0.4850521683692932,65
C,20220428_20220510,12,printemps,0.5365508198738098,394
D,20220428_20220510,12,printemps,0.3712979853153229,10562
A,20220428_20220522,24,printemps,0.3065246641635895,499
B,20220428_20220522,24,printemps,0.2822079360485077,65
C,20220428_20220522,24,printemps,0.3200100064277649,394
D,20220428_20220522,24,printemps,0.3081842362880707,10531
A,20220428_20220603,36,printemps,0.3038811981678009,499
B,20220428_20220603,36,printemps,0.27079445123672485,65
C,20220428_20220603,36,printemps,0.3121076226234436,394
D,20220428_20220603,36,printemps,0.30435219407081604,10413
A,20220428_20220615,48,printemps,0.2856197953224182,499
B,20220428_20220615,48,printemps,0.2721652686595917,65
C,20220428_20220615,48,printemps,0.31515493988990784,394
D,20220428_20220615,48,printemps,0.30591487884521484,10413
A,20220510_20220522,12,printemps,0.3516083061695099,499
B,20220510_20220522,12,printemps,0.35270094871520996,65
C,20220510_20220522,12,printemps,0.33525657653808594,394
D,20220510_20220522,12,printemps,0.30514103174209595,10554
A,20220510_20220603,24,printemps,0.31105610728263855,499
B,20220510_20220603,24,printemps,0.2873258888721466,65
C,20220510_20220603,24,printemps,0.32156485319137573,394
D,20220510_20220603,24,printemps,0.3032004237174988,10436
A,20220510_20220615,36,printemps,0.3036003112792969,499
B,20220510_20220615,36,printemps,0.298418253660202,65
C,20220510_20220615,36,printemps,0.3221418261528015,394
D,20220510_20220615,36,printemps,0.30695411562919617,10392
A,20220510_20220627,48,printemps,0.29184094071388245,499
B,20220510_20220627,48,printemps,0.2718579173088074,65
C,20220510_20220627,48,printemps,0.30568593740463257,394
D,20220510_20220627,48,printemps,0.30445560812950134,10519
A,20220522_20220603,12,printemps,0.3326222896575928,499
B,20220522_20220603,12,printemps,0.3721049427986145,65
C,20220522_20220603,12,printemps,0.5116730332374573,394
D,20220522_20220603,12,printemps,0.41721323132514954,10407
A,20220522_20220615,24,printemps,0.29138147830963135,499
B,20220522_20220615,24,printemps,0.2833803594112396,65
C,20220522_20220615,24,printemps,0.30583032965660095,394
D,20220522_20220615,24,printemps,0.303934246301651,10407
A,20220522_20220627,36,printemps,0.2929318845272064,499
B,20220522_20220627,36,printemps,0.2742810845375061,65
C,20220522_20220627,36,printemps,0.2883312404155731,394
D,20220522_20220627,36,printemps,0.29888808727264404,10492
A,20220522_20220709,48,printemps,0.2901979088783264,499
B,20220522_20220709,48,printemps,0.2906326949596405,65
C,20220522_20220709,48,printemps,0.2949049472808838,394
D,20220522_20220709,48,printemps,0.30055075883865356,10489
A,20220603_20220615,12,été,0.36200669407844543,499
B,20220603_20220615,12,été,0.28400927782058716,65
C,20220603_20220615,12,été,0.5025784969329834,394
D,20220603_20220615,12,été,0.45381662249565125,10383
A,20220603_20220627,24,été,0.29644718766212463,499
B,20220603_20220627,24,été,0.2785208225250244,65
C,20220603_20220627,24,été,0.3033168315887451,394
D,20220603_20220627,24,été,0.30110853910446167,10516
A,20220603_20220709,36,été,0.29925355315208435,499
B,20220603_20220709,36,été,0.2815534770488739,65
C,20220603_20220709,36,été,0.31278252601623535,394
D,20220603_20220709,36,été,0.30532458424568176,10470
A,20220603_20220721,48,été,0.29421287775039673,499
B,20220603_20220721,48,été,0.26817816495895386,65
C,20220603_20220721,48,été,0.3005750775337219,394
D,20220603_20220721,48,été,0.29841217398643494,10509
A,20220615_20220627,12,été,0.3210340142250061,499
B,20220615_20220627,12,été,0.2855951488018036,65
C,20220615_20220627,12,été,0.34385308623313904,394
D,20220615_20220627,12,été,0.3104971945285797,10514
A,20220615_20220709,24,été,0.3059905767440796,499
B,20220615_20220709,24,été,0.29330137372016907,65
C,20220615_20220709,24,été,0.34022241830825806,394
D,20220615_20220709,24,été,0.32051944732666016,10468
A,20220615_20220721,36,été,0.3017234206199646,499
B,20220615_20220721,36,été,0.27486082911491394,65
C,20220615_20220721,36,été,0.31137728691101074,394
D,20220615_20220721,36,été,0.3037905693054199,10503
A,20220615_20220802,48,été,0.28884342312812805,499
B,20220615_20220802,48,été,0.2703841030597687,65
C,20220615_20220802,48,été,0.31183335185050964,394
D,20220615_20220802,48,été,0.3032826781272888,10506
A,20220627_20220709,12,été,0.3403991758823395,499
B,20220627_20220709,12,été,0.2894863486289978,65
C,20220627_20220709,12,été,0.3761279582977295,394
D,20220627_20220709,12,été,0.3191927373409271,10475
A,20220627_20220721,24,été,0.31809812784194946,499
B,20220627_20220721,24,été,0.3181784749031067,65
C,20220627_20220721,24,été,0.35592496395111084,394
D,20220627_20220721,24,été,0.3209071159362793,10521
A,20220627_20220802,36,été,0.28877168893814087,499
B,20220627_20220802,36,été,0.26654455065727234,65
C,20220627_20220802,36,été,0.31221505999565125,394
D,20220627_20220802,36,été,0.30313295125961304,10521
A,20220627_20220814,48,été,0.2942429482936859,499
B,20220627_20220814,48,été,0.2727218568325043,65
C,20220627_20220814,48,été,0.29793912172317505,394
D,20220627_20220814,48,été,0.30014023184776306,10520
A,20220709_20220721,12,été,0.32597580552101135,499
B,20220709_20220721,12,été,0.3280371129512787,65
C,20220709_20220721,12,été,0.3791157603263855,394
D,20220709_20220721,12,été,0.3203928470611572,10502
A,20220709_20220802,24,été,0.31573665142059326,499
B,20220709_20220802,24,été,0.30097493529319763,65
C,20220709_20220802,24,été,0.34066450595855713,394
D,20220709_20220802,24,été,0.31695523858070374,10503
A,20220709_20220814,36,été,0.3016374409198761,499
B,20220709_20220814,36,été,0.28187116980552673,65
C,20220709_20220814,36,été,0.3030094504356384,394
D,20220709_20220814,36,été,0.3010912835597992,10504
A,20220709_20220826,48,été,0.30506613850593567,499
B,20220709_20220826,48,été,0.29174450039863586,65
C,20220709_20220826,48,été,0.30130770802497864,394
D,20220709_20220826,48,été,0.3012619614601135,10426
A,20220721_20220802,12,été,0.33471494913101196,499
B,20220721_20220802,12,été,0.3975817859172821,65
C,20220721_20220802,12,été,0.3705430328845978,394
D,20220721_20220802,12,été,0.31567704677581787,10498
A,20220721_20220814,24,été,0.29976972937583923,499
B,20220721_20220814,24,été,0.2676667273044586,65
C,20220721_20220814,24,été,0.2996853291988373,394
D,20220721_20220814,24,été,0.2995188534259796,10497
A,20220721_20220826,36,été,0.29850202798843384,499
B,20220721_20220826,36,été,0.291504442691803,65
C,20220721_20220826,36,été,0.3071882724761963,394
D,20220721_20220826,36,été,0.30096113681793213,10420
A,20220721_20220907,48,été,0.3020630478858948,499
B,20220721_20220907,48,été,0.27978718280792236,65
C,20220721_20220907,48,été,0.32461196184158325,394
D,20220721_20220907,48,été,0.3103121817111969,10503
A,20220802_20220814,12,été,0.3330468237400055,499
B,20220802_20220814,12,été,0.32241329550743103,65
C,20220802_20220814,12,été,0.41344964504241943,394
D,20220802_20220814,12,été,0.3443443477153778,10514
A,20220802_20220826,24,été,0.2987231910228729,499
B,20220802_20220826,24,été,0.3047758638858795,65
C,20220802_20220826,24,été,0.3428776264190674,394
D,20220802_20220826,24,été,0.3161676228046417,10440
A,20220802_20220907,36,été,0.2917539179325104,499
B,20220802_20220907,36,été,0.2851133942604065,65
C,20220802_20220907,36,été,0.3227807283401489,394
D,20220802_20220907,36,été,0.3062080442905426,10522
A,20220802_20220919,48,été,0.2974259555339813,499
B,20220802_20220919,48,été,0.2897767424583435,65
C,20220802_20220919,48,été,0.3350388705730438,394
D,20220802_20220919,48,été,0.3140649199485779,10480
A,20220814_20220826,12,été,0.312007874250412,499
B,20220814_20220826,12,été,0.32962530851364136,65
C,20220814_20220826,12,été,0.36801379919052124,394
D,20220814_20220826,12,été,0.32291844487190247,10442
A,20220814_20220907,24,été,0.3033447563648224,499
B,20220814_20220907,24,été,0.28637033700942993,65
C,20220814_20220907,24,été,0.30583199858665466,394
D,20220814_20220907,24,été,0.3009950816631317,10524
A,20220814_20220919,36,été,0.2936406433582306,499
B,20220814_20220919,36,été,0.2991558313369751,65
C,20220814_20220919,36,été,0.3219137489795685,394
D,20220814_20220919,36,été,0.31036636233329773,10482
A,20220814_20221001,48,été,0.2952539026737213,499
B,20220814_20221001,48,été,0.29271939396858215,65
C,20220814_20221001,48,été,0.3268795609474182,394
D,20220814_20221001,48,été,0.315757691860199,10400
A,20220826_20220907,12,été,0.3223411440849304,499
B,20220826_20220907,12,été,0.349800705909729,65
C,20220826_20220907,12,été,0.38544538617134094,394
D,20220826_20220907,12,été,0.3271275460720062,10497
A,20220826_20220919,24,été,0.3114470839500427,499
B,20220826_20220919,24,été,0.31412944197654724,65
C,20220826_20220919,24,été,0.41926294565200806,394
D,20220826_20220919,24,été,0.36708107590675354,10492
A,20220826_20221001,36,été,0.32248231768608093,499
B,20220826_20221001,36,été,0.31382036209106445,65
C,20220826_20221001,36,été,0.5160455107688904,394
D,20220826_20221001,36,été,0.4938928484916687,10417
A,20220826_20221013,48,été,0.2987273335456848,499
B,20220826_20221013,48,été,0.30311089754104614,65
C,20220826_20221013,48,été,0.3413129448890686,394
D,20220826_20221013,48,été,0.3224242329597473,10539
A,20220907_20220919,12,automne,0.3510473966598511,499
B,20220907_20220919,12,automne,0.48430752754211426,65
C,20220907_20220919,12,automne,0.39604002237319946,394
D,20220907_20220919,12,automne,0.33250826597213745,10494
A,20220907_20221001,24,automne,0.3090880215167999,499
B,20220907_20221001,24,automne,0.36254212260246277,65
C,20220907_20221001,24,automne,0.413195937871933,394
D,20220907_20221001,24,automne,0.3559723198413849,10404
A,20220907_20221013,36,automne,0.2963870167732239,499
B,20220907_20221013,36,automne,0.32867804169654846,65
C,20220907_20221013,36,automne,0.3791545033454895,394
D,20220907_20221013,36,automne,0.3431277573108673,10571
A,20220907_20221025,48,automne,0.2956983745098114,499
B,20220907_20221025,48,automne,0.2949703633785248,65
C,20220907_20221025,48,automne,0.3243029713630676,394
D,20220907_20221025,48,automne,0.3077792823314667,10494
A,20220919_20221001,12,automne,0.4727419316768646,499
B,20220919_20221001,12,automne,0.7599539160728455,65
C,20220919_20221001,12,automne,0.6631006598472595,394
D,20220919_20221001,12,automne,0.539944052696228,10389
A,20220919_20221013,24,automne,0.3352918028831482,499
B,20220919_20221013,24,automne,0.5139586925506592,65
C,20220919_20221013,24,automne,0.44065213203430176,394
D,20220919_20221013,24,automne,0.40889450907707214,10550
A,20220919_20221025,36,automne,0.32096442580223083,499
B,20220919_20221025,36,automne,0.5425833463668823,65
C,20220919_20221025,36,automne,0.3622288107872009,394
D,20220919_20221025,36,automne,0.3240092694759369,10510
A,20220919_20221106,48,automne,0.31613874435424805,499
B,20220919_20221106,48,automne,0.37505272030830383,65
C,20220919_20221106,48,automne,0.4017689526081085,394
D,20220919_20221106,48,automne,0.3729373812675476,10547
A,20221001_20221013,12,automne,0.5360783934593201,499
B,20221001_20221013,12,automne,0.681816816329956,65
C,20221001_20221013,12,automne,0.6323968172073364,394
D,20221001_20221013,12,automne,0.5087323784828186,10510
A,20221001_20221025,24,automne,0.34995007514953613,499
B,20221001_20221025,24,automne,0.5780779123306274,65
C,20221001_20221025,24,automne,0.3983803391456604,394
D,20221001_20221025,24,automne,0.331379234790802,10507
A,20221001_20221106,36,automne,0.3783206045627594,499
B,20221001_20221106,36,automne,0.4031524956226349,65
C,20221001_20221106,36,automne,0.5330578684806824,394
D,20221001_20221106,36,automne,0.45393162965774536,10511
A,20221001_20221118,48,automne,0.39352846145629883,499
B,20221001_20221118,48,automne,0.37545743584632874,65
C,20221001_20221118,48,automne,0.47698742151260376,394
D,20221001_20221118,48,automne,0.3548978567123413,10506
A,20221013_20221025,12,automne,0.33847811818122864,499
B,20221013_20221025,12,automne,0.7089797258377075,65
C,20221013_20221025,12,automne,0.3654513955116272,394
D,20221013_20221025,12,automne,0.3224729895591736,10512
A,20221013_20221106,24,automne,0.5050188899040222,499
B,20221013_20221106,24,automne,0.5343331098556519,65
C,20221013_20221106,24,automne,0.5419847369194031,394
D,20221013_20221106,24,automne,0.40848538279533386,10549
A,20221013_20221118,36,automne,0.38518810272216797,499
B,20221013_20221118,36,automne,0.3806156814098358,65
C,20221013_20221118,36,automne,0.4553876519203186,394
D,20221013_20221118,36,automne,0.34367507696151733,10510
A,20221013_20221130,48,automne,0.3160097599029541,499
B,20221013_20221130,48,automne,0.3527989983558655,65
C,20221013_20221130,48,automne,0.37961113452911377,394
D,20221013_20221130,48,automne,0.32922154664993286,10512
A,20221025_20221106,12,automne,0.5047802329063416,499
B,20221025_20221106,12,automne,0.6517249941825867,65
C,20221025_20221106,12,automne,0.6354469060897827,394
D,20221025_20221106,12,automne,0.5035073161125183,10543
A,20221025_20221118,24,automne,0.4279528260231018,499
B,20221025_20221118,24,automne,0.5410900115966797,65
C,20221025_20221118,24,automne,0.4872996509075165,394
D,20221025_20221118,24,automne,0.37427523732185364,10543
A,20221025_20221130,36,automne,0.6490592956542969,499
B,20221025_20221130,36,automne,0.6171284914016724,65
C,20221025_20221130,36,automne,0.7149893641471863,394
D,20221025_20221130,36,automne,0.6055330038070679,10503
A,20221025_20221212,48,automne,0.38323119282722473,499
B,20221025_20221212,48,automne,0.32806941866874695,65
C,20221025_20221212,48,automne,0.5082120895385742,394
D,20221025_20221212,48,automne,0.413604199886322,10505
A,20221106_20221118,12,automne,0.7976632118225098,499
B,20221106_20221118,12,automne,0.8874826431274414,65
C,20221106_20221118,12,automne,0.7500040531158447,394
D,20221106_20221118,12,automne,0.4764678180217743,10540
A,20221106_20221130,24,automne,0.43900448083877563,499
B,20221106_20221130,24,automne,0.6122738122940063,65
C,20221106_20221130,24,automne,0.6901808977127075,394
D,20221106_20221130,24,automne,0.5728017687797546,10496
A,20221106_20221212,36,automne,0.6552352905273438,499
B,20221106_20221212,36,automne,0.6353354454040527,65
C,20221106_20221212,36,automne,0.6401726007461548,394
D,20221106_20221212,36,automne,0.40910887718200684,10496
A,20221106_20221224,48,automne,0.317202091217041,499
B,20221106_20221224,48,automne,0.30645719170570374,65
C,20221106_20221224,48,automne,0.4625612199306488,394
D,20221106_20221224,48,automne,0.42791688442230225,10501
A,20221118_20221130,12,automne,0.6744499802589417,499
B,20221118_20221130,12,automne,0.7512940764427185,65
C,20221118_20221130,12,automne,0.7717732787132263,394
D,20221118_20221130,12,automne,0.5855100154876709,10526
A,20221118_20221212,24,automne,0.6493938565254211,499
B,20221118_20221212,24,automne,0.6303867101669312,65
C,20221118_20221212,24,automne,0.6912515163421631,394
D,20221118_20221212,24,automne,0.428934782743454,10525
A,20221118_20221224,36,automne,0.3050723075866699,499
B,20221118_20221224,36,automne,0.3035411536693573,65
C,20221118_20221224,36,automne,0.386759877204895,394
D,20221118_20221224,36,automne,0.3260113000869751,10521
A,20221118_20230105,48,automne,0.3002515435218811,499
B,20221118_20230105,48,automne,0.29004010558128357,65
C,20221118_20230105,48,automne,0.3849831223487854,394
D,20221118_20230105,48,automne,0.3296593427658081,10484
A,20221130_20221212,12,automne,0.6679321527481079,499
B,20221130_20221212,12,automne,0.6878332495689392,65
C,20221130_20221212,12,automne,0.7218183279037476,394
D,20221130_20221212,12,automne,0.4640299677848816,10510
A,20221130_20221224,24,automne,0.43178656697273254,499
B,20221130_20221224,24,automne,0.3176480233669281,65
C,20221130_20221224,24,automne,0.6880162954330444,394
D,20221130_20221224,24,automne,0.5124011635780334,10507
A,20221130_20230105,36,automne,0.38311144709587097,499
B,20221130_20230105,36,automne,0.3463449478149414,65
C,20221130_20230105,36,automne,0.625332236289978,394
D,20221130_20230105,36,automne,0.487444132566452,10467
A,20221130_20230117,48,automne,0.397623747587204,499
B,20221130_20230117,48,automne,0.400562584400177,65
C,20221130_20230117,48,automne,0.7540934085845947,394
D,20221130_20230117,48,automne,0.7287946343421936,10469
A,20221212_20221224,12,hiver,0.3574509024620056,499
B,20221212_20221224,12,hiver,0.31238070130348206,65
C,20221212_20221224,12,hiver,0.520942211151123,394
D,20221212_20221224,12,hiver,0.3766980469226837,10509
A,20221212_20230105,24,hiver,0.33166149258613586,499
B,20221212_20230105,24,hiver,0.27056577801704407,65
C,20221212_20230105,24,hiver,0.4878985285758972,394
D,20221212_20230105,24,hiver,0.3847862780094147,10475
A,20221212_20230117,36,hiver,0.3319387435913086,499
B,20221212_20230117,36,hiver,0.2986423373222351,65
C,20221212_20230117,36,hiver,0.49533554911613464,394
D,20221212_20230117,36,hiver,0.37099385261535645,10475
A,20221212_20230129,48,hiver,0.42002859711647034,499
B,20221212_20230129,48,hiver,0.5098257660865784,65
C,20221212_20230129,48,hiver,0.6801141500473022,394
D,20221212_20230129,48,hiver,0.5725990533828735,10434
A,20221224_20230105,12,hiver,0.44299304485321045,499
B,20221224_20230105,12,hiver,0.31391021609306335,65
C,20221224_20230105,12,hiver,0.722359299659729,394
D,20221224_20230105,12,hiver,0.5860534906387329,10482
A,20221224_20230117,24,hiver,0.3824561834335327,499
B,20221224_20230117,24,hiver,0.3890823721885681,65
C,20221224_20230117,24,hiver,0.5936527252197266,394
D,20221224_20230117,24,hiver,0.4802839457988739,10437
A,20221224_20230129,36,hiver,0.31028637290000916,499
B,20221224_20230129,36,hiver,0.28416934609413147,65
C,20221224_20230129,36,hiver,0.3671411871910095,394
D,20221224_20230129,36,hiver,0.3247876763343811,10441
A,20221224_20230210,48,hiver,0.29258885979652405,499
B,20221224_20230210,48,hiver,0.2905542254447937,65
C,20221224_20230210,48,hiver,0.38704755902290344,394
D,20221224_20230210,48,hiver,0.33295008540153503,10481
A,20230105_20230117,12,hiver,0.5036439895629883,499
B,20230105_20230117,12,hiver,0.36040884256362915,65
C,20230105_20230117,12,hiver,0.7226361632347107,394
D,20230105_20230117,12,hiver,0.5520846247673035,10477
A,20230105_20230129,24,hiver,0.31463897228240967,499
B,20230105_20230129,24,hiver,0.28626230359077454,65
C,20230105_20230129,24,hiver,0.432246595621109,394
D,20230105_20230129,24,hiver,0.34685081243515015,10435
A,20230105_20230210,36,hiver,0.30212366580963135,499
B,20230105_20230210,36,hiver,0.27615392208099365,65
C,20230105_20230210,36,hiver,0.4320617914199829,394
D,20230105_20230210,36,hiver,0.3557366132736206,10476
A,20230105_20230222,48,hiver,0.298172265291214,499
B,20230105_20230222,48,hiver,0.2832690179347992,65
C,20230105_20230222,48,hiver,0.4390435516834259,394
D,20230105_20230222,48,hiver,0.3730197548866272,10434
A,20230117_20230129,12,hiver,0.4634152054786682,499
B,20230117_20230129,12,hiver,0.49293801188468933,65
C,20230117_20230129,12,hiver,0.5237028002738953,394
D,20230117_20230129,12,hiver,0.3587629199028015,10465
A,20230117_20230210,24,hiver,0.32681116461753845,499
B,20230117_20230210,24,hiver,0.3080737590789795,65
C,20230117_20230210,24,hiver,0.4841647744178772,394
D,20230117_20230210,24,hiver,0.380379855632782,10465
A,20230117_20230222,36,hiver,0.34939196705818176,499
B,20230117_20230222,36,hiver,0.36057233810424805,65
C,20230117_20230222,36,hiver,0.5201972723007202,394
D,20230117_20230222,36,hiver,0.4000297486782074,10454
A,20230117_20230306,48,hiver,0.30770549178123474,499
B,20230117_20230306,48,hiver,0.28581857681274414,65
C,20230117_20230306,48,hiver,0.4086378514766693,394
D,20230117_20230306,48,hiver,0.3414849638938904,10335
A,20230129_20230210,12,hiver,0.5380800366401672,499
B,20230129_20230210,12,hiver,0.5734367370605469,65
C,20230129_20230210,12,hiver,0.7188010215759277,394
D,20230129_20230210,12,hiver,0.576388418674469,10468
A,20230129_20230222,24,hiver,0.41116443276405334,499
B,20230129_20230222,24,hiver,0.43037447333335876,65
C,20230129_20230222,24,hiver,0.6256221532821655,394
D,20230129_20230222,24,hiver,0.545071542263031,10468
A,20230129_20230306,36,hiver,0.3691653907299042,499
B,20230129_20230306,36,hiver,0.3155263066291809,65
C,20230129_20230306,36,hiver,0.657541036605835,394
D,20230129_20230306,36,hiver,0.6254745125770569,10332
A,20230129_20230318,48,hiver,0.35605305433273315,499
B,20230129_20230318,48,hiver,0.4273580312728882,65
C,20230129_20230318,48,hiver,0.5530533194541931,394
D,20230129_20230318,48,hiver,0.41042280197143555,10508
A,20230210_20230222,12,hiver,0.5752840638160706,499
B,20230210_20230222,12,hiver,0.6232329607009888,65
C,20230210_20230222,12,hiver,0.7476276159286499,394
D,20230210_20230222,12,hiver,0.6071222424507141,10442
A,20230210_20230306,24,hiver,0.576688289642334,499
B,20230210_20230306,24,hiver,0.6332738995552063,65
C,20230210_20230306,24,hiver,0.7767676115036011,394
D,20230210_20230306,24,hiver,0.7058051228523254,10351
A,20230210_20230318,36,hiver,0.3695560693740845,499
B,20230210_20230318,36,hiver,0.3556806147098541,65
C,20230210_20230318,36,hiver,0.6138373613357544,394
D,20230210_20230318,36,hiver,0.46477609872817993,10479
A,20230210_20230330,48,hiver,0.3113638162612915,499
B,20230210_20230330,48,hiver,0.28993967175483704,65
C,20230210_20230330,48,hiver,0.4282068610191345,394
D,20230210_20230330,48,hiver,0.36331459879875183,10396
A,20230222_20230306,12,hiver,0.791960597038269,499
B,20230222_20230306,12,hiver,0.8988398909568787,65
C,20230222_20230306,12,hiver,0.8975511193275452,394
D,20230222_20230306,12,hiver,0.8600137829780579,10362
A,20230222_20230318,24,hiver,0.43035173416137695,499
B,20230222_20230318,24,hiver,0.36611777544021606,65
C,20230222_20230318,24,hiver,0.718629002571106,394
D,20230222_20230318,24,hiver,0.6365160942077637,10490
A,20230222_20230330,36,hiver,0.30856478214263916,499
B,20230222_20230330,36,hiver,0.3078676462173462,65
C,20230222_20230330,36,hiver,0.5043905973434448,394
D,20230222_20230330,36,hiver,0.41789039969444275,10408
A,20230222_20230411,48,hiver,0.33840519189834595,499
B,20230222_20230411,48,hiver,0.3140374422073364,65
C,20230222_20230411,48,hiver,0.532655656337738,394
D,20230222_20230411,48,hiver,0.46944883465766907,10492
A,20230306_20230318,12,printemps,0.41802239418029785,499
B,20230306_20230318,12,printemps,0.40895840525627136,65
C,20230306_20230318,12,printemps,0.6097753643989563,394
D,20230306_20230318,12,printemps,0.45276129245758057,10462
A,20230306_20230330,24,printemps,0.3210006356239319,499
B,20230306_20230330,24,printemps,0.2959289252758026,65
C,20230306_20230330,24,printemps,0.4378977417945862,394
D,20230306_20230330,24,printemps,0.35564059019088745,10423
A,20230306_20230411,36,printemps,0.3394889533519745,499
B,20230306_20230411,36,printemps,0.3051155209541321,65
C,20230306_20230411,36,printemps,0.5321216583251953,394
D,20230306_20230411,36,printemps,0.4358978569507599,10460
A,20230306_20230423,48,printemps,0.3205035626888275,499
B,20230306_20230423,48,printemps,0.2864909768104553,65
C,20230306_20230423,48,printemps,0.4464428424835205,394
D,20230306_20230423,48,printemps,0.3534131944179535,10466
A,20230318_20230330,12,printemps,0.6297711133956909,499
B,20230318_20230330,12,printemps,0.709975004196167,65
C,20230318_20230330,12,printemps,0.712250292301178,394
D,20230318_20230330,12,printemps,0.558221697807312,10379
A,20230318_20230411,24,printemps,0.6156885027885437,499
B,20230318_20230411,24,printemps,0.34849849343299866,65
C,20230318_20230411,24,printemps,0.7240993976593018,394
D,20230318_20230411,24,printemps,0.6112570762634277,10510
A,20230318_20230423,36,printemps,0.3648655414581299,499
B,20230318_20230423,36,printemps,0.3642849624156952,65
C,20230318_20230423,36,printemps,0.6262601017951965,394
D,20230318_20230423,36,printemps,0.6254351735115051,10544
A,20230318_20230505,48,printemps,0.3139626979827881,499
B,20230318_20230505,48,printemps,0.2764900028705597,65
C,20230318_20230505,48,printemps,0.37490782141685486,394
D,20230318_20230505,48,printemps,0.3316708505153656,10508
A,20230330_20230411,12,printemps,0.6818209290504456,499
B,20230330_20230411,12,printemps,0.8118031024932861,65
C,20230330_20230411,12,printemps,0.6302073001861572,394
D,20230330_20230411,12,printemps,0.4061749279499054,10506
A,20230330_20230423,24,printemps,0.3312266767024994,499
B,20230330_20230423,24,printemps,0.3150573968887329,65
C,20230330_20230423,24,printemps,0.4447171092033386,394
D,20230330_20230423,24,printemps,0.3629534840583801,10507
A,20230330_20230505,36,printemps,0.31569889187812805,499
B,20230330_20230505,36,printemps,0.30977940559387207,65
C,20230330_20230505,36,printemps,0.32456347346305847,394
D,20230330_20230505,36,printemps,0.3071621358394623,10502
A,20230330_20230517,48,printemps,0.3014376759529114,499
B,20230330_20230517,48,printemps,0.2902649939060211,65
C,20230330_20230517,48,printemps,0.3956589996814728,394
D,20230330_20230517,48,printemps,0.3535042703151703,10501
A,20230411_20230423,12,printemps,0.5221341848373413,499
B,20230411_20230423,12,printemps,0.44298481941223145,65
C,20230411_20230423,12,printemps,0.7690929770469666,394
D,20230411_20230423,12,printemps,0.7495267987251282,10522
A,20230411_20230505,24,printemps,0.4677503705024719,499
B,20230411_20230505,24,printemps,0.29790154099464417,65
C,20230411_20230505,24,printemps,0.46534693241119385,394
D,20230411_20230505,24,printemps,0.35966482758522034,10521
A,20230411_20230517,36,printemps,0.3930697739124298,499
B,20230411_20230517,36,printemps,0.32681819796562195,65
C,20230411_20230517,36,printemps,0.44889143109321594,394
D,20230411_20230517,36,printemps,0.36932823061943054,10554
A,20230411_20230529,48,printemps,0.3038165867328644,499
B,20230411_20230529,48,printemps,0.297586053609848,65
C,20230411_20230529,48,printemps,0.3226798176765442,394
D,20230411_20230529,48,printemps,0.306311696767807,10556
A,20230423_20230505,12,printemps,0.5547664761543274,499
B,20230423_20230505,12,printemps,0.36389872431755066,65
C,20230423_20230505,12,printemps,0.6210291981697083,394
D,20230423_20230505,12,printemps,0.43840569257736206,10514
A,20230423_20230517,24,printemps,0.38316312432289124,499
B,20230423_20230517,24,printemps,0.3324940800666809,65
C,20230423_20230517,24,printemps,0.44885897636413574,394
D,20230423_20230517,24,printemps,0.3601008653640747,10551
A,20230423_20230529,36,printemps,0.30411583185195923,499
B,20230423_20230529,36,printemps,0.29425525665283203,65
C,20230423_20230529,36,printemps,0.32874855399131775,394
D,20230423_20230529,36,printemps,0.3108394145965576,10588
A,20230423_20230610,48,printemps,0.29526251554489136,499
B,20230423_20230610,48,printemps,0.2838633358478546,65
C,20230423_20230610,48,printemps,0.308793842792511,394
D,20230423_20230610,48,printemps,0.30229225754737854,10583
A,20230505_20230517,12,printemps,0.6024655699729919,499
B,20230505_20230517,12,printemps,0.3145526349544525,65
C,20230505_20230517,12,printemps,0.48154810070991516,394
D,20230505_20230517,12,printemps,0.3361073136329651,10537
A,20230505_20230529,24,printemps,0.365340918302536,499
B,20230505_20230529,24,printemps,0.2969507873058319,65
C,20230505_20230529,24,printemps,0.3911130428314209,394
D,20230505_20230529,24,printemps,0.3288439214229584,10577
A,20230505_20230610,36,printemps,0.3035750985145569,499
B,20230505_20230610,36,printemps,0.2815312445163727,65
C,20230505_20230610,36,printemps,0.2995523512363434,394
D,20230505_20230610,36,printemps,0.29989081621170044,10569
A,20230505_20230622,48,printemps,0.2984524071216583,499
B,20230505_20230622,48,printemps,0.27588072419166565,65
C,20230505_20230622,48,printemps,0.29864445328712463,394
D,20230505_20230622,48,printemps,0.3005325198173523,10540
A,20230517_20230529,12,printemps,0.39155617356300354,499
B,20230517_20230529,12,printemps,0.3392559289932251,65
C,20230517_20230529,12,printemps,0.3808145225048065,394
D,20230517_20230529,12,printemps,0.32226523756980896,10588
A,20230517_20230610,24,printemps,0.2978840470314026,499
B,20230517_20230610,24,printemps,0.27420881390571594,65
C,20230517_20230610,24,printemps,0.32091906666755676,394
D,20230517_20230610,24,printemps,0.3114875555038452,10583
A,20230517_20230622,36,printemps,0.29843005537986755,499
B,20230517_20230622,36,printemps,0.31000232696533203,65
C,20230517_20230622,36,printemps,0.3260212242603302,394
D,20230517_20230622,36,printemps,0.31528154015541077,10508
A,20230517_20230704,48,printemps,0.2918204665184021,499
B,20230517_20230704,48,printemps,0.2738192677497864,65
C,20230517_20230704,48,printemps,0.3045301139354706,394
D,20230517_20230704,48,printemps,0.3020218312740326,10435
A,20230529_20230610,12,printemps,0.31485769152641296,499
B,20230529_20230610,12,printemps,0.2813881039619446,65
C,20230529_20230610,12,printemps,0.3204955458641052,394
D,20230529_20230610,12,printemps,0.30332452058792114,10554
A,20230529_20230622,24,printemps,0.3064756691455841,499
B,20230529_20230622,24,printemps,0.27195534110069275,65
C,20230529_20230622,24,printemps,0.306178480386734,394
D,20230529_20230622,24,printemps,0.3023117184638977,10519
A,20230529_20230704,36,printemps,0.29979148507118225,499
B,20230529_20230704,36,printemps,0.2840922176837921,65
C,20230529_20230704,36,printemps,0.3126295804977417,394
D,20230529_20230704,36,printemps,0.3020768463611603,10441
A,20230529_20230716,48,printemps,0.28832340240478516,499
B,20230529_20230716,48,printemps,0.27884814143180847,65
C,20230529_20230716,48,printemps,0.30782005190849304,394
D,20230529_20230716,48,printemps,0.303530216217041,10438
A,20230610_20230622,12,été,0.3348507881164551,499
B,20230610_20230622,12,été,0.29382431507110596,65
C,20230610_20230622,12,été,0.3873760402202606,394
D,20230610_20230622,12,été,0.33093833923339844,10512
A,20230610_20230704,24,été,0.2997954785823822,499
B,20230610_20230704,24,été,0.2916622757911682,65
C,20230610_20230704,24,été,0.30681678652763367,394
D,20230610_20230704,24,été,0.3007635176181793,10436
A,20230610_20230716,36,été,0.28833064436912537,499
B,20230610_20230716,36,été,0.2842789590358734,65
C,20230610_20230716,36,été,0.3008602261543274,394
D,20230610_20230716,36,été,0.3000195622444153,10436
A,20230610_20230728,48,été,0.295554518699646,499
B,20230610_20230728,48,été,0.2715361714363098,65
C,20230610_20230728,48,été,0.3085298538208008,394
D,20230610_20230728,48,été,0.3023240566253662,10349
A,20230622_20230704,12,été,0.3020704984664917,499
B,20230622_20230704,12,été,0.2733570337295532,65
C,20230622_20230704,12,été,0.3257603049278259,394
D,20230622_20230704,12,été,0.3082331717014313,10422
A,20230622_20230716,24,été,0.305197149515152,499
B,20230622_20230716,24,été,0.2745782136917114,65
C,20230622_20230716,24,été,0.29676148295402527,394
D,20230622_20230716,24,été,0.2991979122161865,10462
A,20230622_20230728,36,été,0.30211037397384644,499
B,20230622_20230728,36,été,0.27554962038993835,65
C,20230622_20230728,36,été,0.31774744391441345,394
D,20230622_20230728,36,été,0.3107702434062958,10377
A,20230622_20230809,48,été,0.29424387216567993,499
B,20230622_20230809,48,été,0.2834896445274353,65
C,20230622_20230809,48,été,0.32509562373161316,394
D,20230622_20230809,48,été,0.30881205201148987,10379
A,20230704_20230716,12,été,0.3353852927684784,499
B,20230704_20230716,12,été,0.30444762110710144,65
C,20230704_20230716,12,été,0.3598051071166992,394
D,20230704_20230716,12,été,0.3170749247074127,10469
A,20230704_20230728,24,été,0.30267512798309326,499
B,20230704_20230728,24,été,0.30727624893188477,65
C,20230704_20230728,24,été,0.3195638954639435,394
D,20230704_20230728,24,été,0.30443075299263,10390
A,20230704_20230809,36,été,0.2968970835208893,499
B,20230704_20230809,36,été,0.29680928587913513,65
C,20230704_20230809,36,été,0.3097795248031616,394
D,20230704_20230809,36,été,0.300411581993103,10387
A,20230704_20230821,48,été,0.31349673867225647,499
B,20230704_20230821,48,été,0.2861135005950928,65
C,20230704_20230821,48,été,0.3239768445491791,394
D,20230704_20230821,48,été,0.30982425808906555,10427
A,20230716_20230728,12,été,0.3129117488861084,499
B,20230716_20230728,12,été,0.3371027410030365,65
C,20230716_20230728,12,été,0.3110140562057495,394
D,20230716_20230728,12,été,0.30087900161743164,10385
A,20230716_20230809,24,été,0.2954241633415222,499
B,20230716_20230809,24,été,0.27777373790740967,65
C,20230716_20230809,24,été,0.29634860157966614,394
D,20230716_20230809,24,été,0.2984837293624878,10380
A,20230716_20230821,36,été,0.29229673743247986,499
B,20230716_20230821,36,été,0.2799704968929291,65
C,20230716_20230821,36,été,0.30949899554252625,394
D,20230716_20230821,36,été,0.3048243820667267,10428
A,20230716_20230902,48,été,0.30540865659713745,499
B,20230716_20230902,48,été,0.29398372769355774,65
C,20230716_20230902,48,été,0.3005920648574829,394
D,20230716_20230902,48,été,0.2983068823814392,10545
A,20230728_20230809,12,été,0.3069344162940979,499
B,20230728_20230809,12,été,0.2855037450790405,65
C,20230728_20230809,12,été,0.4109903573989868,394
D,20230728_20230809,12,été,0.35697323083877563,10372
A,20230728_20230821,24,été,0.30081039667129517,499
B,20230728_20230821,24,été,0.27324727177619934,65
C,20230728_20230821,24,été,0.3325182795524597,394
D,20230728_20230821,24,été,0.3097541034221649,10417
A,20230728_20230902,36,été,0.2978384792804718,499
B,20230728_20230902,36,été,0.27981460094451904,65
C,20230728_20230902,36,été,0.33482229709625244,394
D,20230728_20230902,36,été,0.31778502464294434,10502
A,20230728_20230914,48,été,0.295661062002182,499
B,20230728_20230914,48,été,0.29056307673454285,65
C,20230728_20230914,48,été,0.31617337465286255,394
D,20230728_20230914,48,été,0.30525439977645874,10498
A,20230809_20230821,12,été,0.29667848348617554,499
B,20230809_20230821,12,été,0.2641904056072235,65
C,20230809_20230821,12,été,0.3299400210380554,394
D,20230809_20230821,12,été,0.30926313996315,10398
A,20230809_20230902,24,été,0.2947656214237213,499
B,20230809_20230902,24,été,0.2971491515636444,65
C,20230809_20230902,24,été,0.34158775210380554,394
D,20230809_20230902,24,été,0.3214123249053955,10482
A,20230809_20230914,36,été,0.29157933592796326,499
B,20230809_20230914,36,été,0.2766711413860321,65
C,20230809_20230914,36,été,0.31115102767944336,394
D,20230809_20230914,36,été,0.3033372461795807,10483
A,20230809_20230926,48,été,0.29032889008522034,499
B,20230809_20230926,48,été,0.2864859700202942,65
C,20230809_20230926,48,été,0.30408841371536255,394
D,20230809_20230926,48,été,0.301530659198761,10479
A,20230821_20230902,12,été,0.46987372636795044,499
B,20230821_20230902,12,été,0.33488979935646057,65
C,20230821_20230902,12,été,0.5868953466415405,394
D,20230821_20230902,12,été,0.5300273895263672,10493
A,20230821_20230914,24,été,0.325801819562912,499
B,20230821_20230914,24,été,0.2678412199020386,65
C,20230821_20230914,24,été,0.39804863929748535,394
D,20230821_20230914,24,été,0.34108373522758484,10490
A,20230821_20230926,36,été,0.3008224070072174,499
B,20230821_20230926,36,été,0.28373727202415466,65
C,20230821_20230926,36,été,0.364778071641922,394
D,20230821_20230926,36,été,0.3286418616771698,10493
A,20230821_20231008,48,été,0.2954235076904297,499
B,20230821_20231008,48,été,0.28506922721862793,65
C,20230821_20231008,48,été,0.3137896656990051,394
D,20230821_20231008,48,été,0.30319949984550476,10485
A,20230902_20230914,12,automne,0.35246798396110535,499
B,20230902_20230914,12,automne,0.3077049255371094,65
C,20230902_20230914,12,automne,0.5027260780334473,394
D,20230902_20230914,12,automne,0.4364873170852661,10567
A,20230902_20230926,24,automne,0.3136495053768158,499
B,20230902_20230926,24,automne,0.3180418908596039,65
C,20230902_20230926,24,automne,0.387899786233902,394
D,20230902_20230926,24,automne,0.3401106595993042,10535
A,20230902_20231008,36,automne,0.29999080300331116,499
B,20230902_20231008,36,automne,0.29310399293899536,65
C,20230902_20231008,36,automne,0.4036329984664917,394
D,20230902_20231008,36,automne,0.36702847480773926,10535
A,20230902_20231020,48,automne,0.29893532395362854,499
B,20230902_20231020,48,automne,0.2811397910118103,65
C,20230902_20231020,48,automne,0.37059640884399414,394
D,20230902_20231020,48,automne,0.3294815123081207,10603
A,20230914_20230926,12,automne,0.39546504616737366,499
B,20230914_20230926,12,automne,0.32840782403945923,65
C,20230914_20230926,12,automne,0.5577126145362854,394
D,20230914_20230926,12,automne,0.4314703643321991,10537
A,20230914_20231008,24,automne,0.299521803855896,499
B,20230914_20231008,24,automne,0.29370105266571045,65
C,20230914_20231008,24,automne,0.41066887974739075,394
D,20230914_20231008,24,automne,0.3503875732421875,10540
A,20230914_20231020,36,automne,0.3052331507205963,499
B,20230914_20231020,36,automne,0.2957380414009094,65
C,20230914_20231020,36,automne,0.36728957295417786,394
D,20230914_20231020,36,automne,0.32603779435157776,10602
A,20230914_20231101,48,automne,0.30544513463974,499
B,20230914_20231101,48,automne,0.30069267749786377,65
C,20230914_20231101,48,automne,0.3523988723754883,394
D,20230914_20231101,48,automne,0.31922587752342224,10602
A,20230926_20231008,12,automne,0.34051916003227234,499
B,20230926_20231008,12,automne,0.3780488967895508,65
C,20230926_20231008,12,automne,0.4020830988883972,394
D,20230926_20231008,12,automne,0.3287206292152405,10540
A,20230926_20231020,24,automne,0.3398854732513428,499
B,20230926_20231020,24,automne,0.3173055648803711,65
C,20230926_20231020,24,automne,0.3971751928329468,394
D,20230926_20231020,24,automne,0.3395072817802429,10606
A,20230926_20231101,36,automne,0.30492204427719116,499
B,20230926_20231101,36,automne,0.27685943245887756,65
C,20230926_20231101,36,automne,0.3405291438102722,394
D,20230926_20231101,36,automne,0.3143796920776367,10605
A,20230926_20231113,48,automne,0.3044931888580322,499
B,20230926_20231113,48,automne,0.2922293543815613,65
C,20230926_20231113,48,automne,0.3430810570716858,394
D,20230926_20231113,48,automne,0.3144594132900238,10422
A,20231008_20231020,12,automne,0.5037693977355957,499
B,20231008_20231020,12,automne,0.6337862014770508,65
C,20231008_20231020,12,automne,0.7094917297363281,394
D,20231008_20231020,12,automne,0.527208149433136,10605
A,20231008_20231101,24,automne,0.33207234740257263,499
B,20231008_20231101,24,automne,0.2929758131504059,65
C,20231008_20231101,24,automne,0.5942994356155396,394
D,20231008_20231101,24,automne,0.4955630600452423,10605
A,20231008_20231113,36,automne,0.3007904887199402,499
B,20231008_20231113,36,automne,0.31042149662971497,65
C,20231008_20231113,36,automne,0.49571213126182556,394
D,20231008_20231113,36,automne,0.4288124740123749,10422
A,20231008_20231125,48,automne,0.31722286343574524,499
B,20231008_20231125,48,automne,0.2722902297973633,65
C,20231008_20231125,48,automne,0.3983101546764374,394
D,20231008_20231125,48,automne,0.3550240695476532,10460
A,20231020_20231101,12,automne,0.36531227827072144,499
B,20231020_20231101,12,automne,0.3767150938510895,65
C,20231020_20231101,12,automne,0.6123562455177307,394
D,20231020_20231101,12,automne,0.4868631660938263,10622
A,20231020_20231113,24,automne,0.31258854269981384,499
B,20231020_20231113,24,automne,0.30337947607040405,65
C,20231020_20231113,24,automne,0.5389066338539124,394
D,20231020_20231113,24,automne,0.4351348876953125,10401
A,20231020_20231125,36,automne,0.3003122806549072,499
B,20231020_20231125,36,automne,0.26916444301605225,65
C,20231020_20231125,36,automne,0.40876495838165283,394
D,20231020_20231125,36,automne,0.34887248277664185,10441
A,20231020_20231207,48,automne,0.29567161202430725,499
B,20231020_20231207,48,automne,0.2937108874320984,65
C,20231020_20231207,48,automne,0.31658315658569336,394
D,20231020_20231207,48,automne,0.30707138776779175,10442
A,20231101_20231113,12,automne,0.4513457119464874,499
B,20231101_20231113,12,automne,0.49459555745124817,65
C,20231101_20231113,12,automne,0.776743471622467,394
D,20231101_20231113,12,automne,0.8345252871513367,10453
A,20231101_20231125,24,automne,0.34167665243148804,499
B,20231101_20231125,24,automne,0.2808569371700287,65
C,20231101_20231125,24,automne,0.5437690019607544,394
D,20231101_20231125,24,automne,0.4526578187942505,10453
A,20231101_20231207,36,automne,0.2959137260913849,499
B,20231101_20231207,36,automne,0.2657710313796997,65
C,20231101_20231207,36,automne,0.33738142251968384,394
D,20231101_20231207,36,automne,0.31899067759513855,10453
A,20231101_20231219,48,automne,0.3205883800983429,499
B,20231101_20231219,48,automne,0.39608749747276306,65
C,20231101_20231219,48,automne,0.5746071338653564,394
D,20231101_20231219,48,automne,0.5002948045730591,10369
A,20231113_20231125,12,automne,0.4416503608226776,499
B,20231113_20231125,12,automne,0.45930999517440796,65
C,20231113_20231125,12,automne,0.6303843259811401,394
D,20231113_20231125,12,automne,0.5096752047538757,10445
A,20231113_20231207,24,automne,0.31446394324302673,499
B,20231113_20231207,24,automne,0.305263876914978,65
C,20231113_20231207,24,automne,0.36070895195007324,394
D,20231113_20231207,24,automne,0.33132871985435486,10445
A,20231113_20231219,36,automne,0.3378852903842926,499
B,20231113_20231219,36,automne,0.2929570972919464,65
C,20231113_20231219,36,automne,0.5992336869239807,394
D,20231113_20231219,36,automne,0.529130220413208,10394
A,20231113_20231231,48,automne,0.3580930233001709,499
B,20231113_20231231,48,automne,0.3466658890247345,65
C,20231113_20231231,48,automne,0.6146013736724854,394
D,20231113_20231231,48,automne,0.4983259439468384,10481
A,20231125_20231207,12,automne,0.3166108727455139,499
B,20231125_20231207,12,automne,0.304207444190979,65
C,20231125_20231207,12,automne,0.39552071690559387,394
D,20231125_20231207,12,automne,0.33684706687927246,10452
A,20231125_20231219,24,automne,0.5039661526679993,499
B,20231125_20231219,24,automne,0.509671151638031,65
C,20231125_20231219,24,automne,0.7287532687187195,394
D,20231125_20231219,24,automne,0.5947156548500061,10369
A,20231125_20231231,36,automne,0.37032052874565125,499
B,20231125_20231231,36,automne,0.4104478657245636,65
C,20231125_20231231,36,automne,0.6089169383049011,394
D,20231125_20231231,36,automne,0.49641886353492737,10453
A,20231125_20240112,48,automne,0.3105717897415161,499
B,20231125_20240112,48,automne,0.3294402062892914,65
C,20231125_20240112,48,automne,0.39774882793426514,394
D,20231125_20240112,48,automne,0.3535526990890503,10369
A,20231207_20231219,12,hiver,0.31785285472869873,499
B,20231207_20231219,12,hiver,0.29100361466407776,65
C,20231207_20231219,12,hiver,0.4222148060798645,394
D,20231207_20231219,12,hiver,0.3464202582836151,10406
A,20231207_20231231,24,hiver,0.30660051107406616,499
B,20231207_20231231,24,hiver,0.2933293581008911,65
C,20231207_20231231,24,hiver,0.3681626319885254,394
D,20231207_20231231,24,hiver,0.3324429392814636,10445
A,20231207_20240112,36,hiver,0.29866600036621094,499
B,20231207_20240112,36,hiver,0.2706144452095032,65
C,20231207_20240112,36,hiver,0.37517163157463074,394
D,20231207_20240112,36,hiver,0.3505953252315521,10361
A,20231207_20240124,48,hiver,0.2942008376121521,499
B,20231207_20240124,48,hiver,0.3098161518573761,65
C,20231207_20240124,48,hiver,0.33018502593040466,394
D,20231207_20240124,48,hiver,0.31242886185646057,10406
A,20231219_20231231,12,hiver,0.3946910500526428,499
B,20231219_20231231,12,hiver,0.3549705147743225,65
C,20231219_20231231,12,hiver,0.7288930416107178,394
D,20231219_20231231,12,hiver,0.6171407699584961,10453
A,20231219_20240112,24,hiver,0.3026658296585083,499
B,20231219_20240112,24,hiver,0.2991451025009155,65
C,20231219_20240112,24,hiver,0.4090456962585449,394
D,20231219_20240112,24,hiver,0.35656359791755676,10368
A,20231219_20240124,36,hiver,0.3309382498264313,499
B,20231219_20240124,36,hiver,0.34764766693115234,65
C,20231219_20240124,36,hiver,0.4787912964820862,394
D,20231219_20240124,36,hiver,0.40281420946121216,10413
A,20231219_20240205,48,hiver,0.32723814249038696,499
B,20231219_20240205,48,hiver,0.35202693939208984,65
C,20231219_20240205,48,hiver,0.5844321250915527,394
D,20231219_20240205,48,hiver,0.469681054353714,10405
A,20231231_20240112,12,hiver,0.38274121284484863,499
B,20231231_20240112,12,hiver,0.35415202379226685,65
C,20231231_20240112,12,hiver,0.5464178323745728,394
D,20231231_20240112,12,hiver,0.4543258249759674,10381
A,20231231_20240124,24,hiver,0.3403792083263397,499
B,20231231_20240124,24,hiver,0.33331993222236633,65
C,20231231_20240124,24,hiver,0.5327803492546082,394
D,20231231_20240124,24,hiver,0.4366069436073303,10424
A,20231231_20240205,36,hiver,0.34918493032455444,499
B,20231231_20240205,36,hiver,0.40545833110809326,65
C,20231231_20240205,36,hiver,0.639585554599762,394
D,20231231_20240205,36,hiver,0.535814642906189,10381
A,20231231_20240217,48,hiver,0.38843801617622375,499
B,20231231_20240217,48,hiver,0.5141928791999817,65
C,20231231_20240217,48,hiver,0.6316721439361572,394
D,20231231_20240217,48,hiver,0.5468369722366333,10381
A,20240112_20240124,12,hiver,0.30697715282440186,499
B,20240112_20240124,12,hiver,0.30947670340538025,65
C,20240112_20240124,12,hiver,0.3471667170524597,394
D,20240112_20240124,12,hiver,0.3256504535675049,10403
A,20240112_20240205,24,hiver,0.31451764702796936,499
B,20240112_20240205,24,hiver,0.36738121509552,65
C,20240112_20240205,24,hiver,0.36655306816101074,394
D,20240112_20240205,24,hiver,0.3351224660873413,10404
A,20240112_20240217,36,hiver,0.3026564419269562,499
B,20240112_20240217,36,hiver,0.2776961028575897,65
C,20240112_20240217,36,hiver,0.35570478439331055,394
D,20240112_20240217,36,hiver,0.33478277921676636,10402
A,20240112_20240229,48,hiver,0.2947271466255188,499
B,20240112_20240229,48,hiver,0.2673856019973755,65
C,20240112_20240229,48,hiver,0.38677331805229187,394
D,20240112_20240229,48,hiver,0.35501429438591003,10483
A,20240124_20240205,12,hiver,0.5224694013595581,499
B,20240124_20240205,12,hiver,0.5849156975746155,65
C,20240124_20240205,12,hiver,0.6788339614868164,394
D,20240124_20240205,12,hiver,0.5195289850234985,10407
A,20240124_20240217,24,hiver,0.42973533272743225,499
B,20240124_20240217,24,hiver,0.5113431811332703,65
C,20240124_20240217,24,hiver,0.6577531099319458,394
D,20240124_20240217,24,hiver,0.5324670672416687,10406
A,20240124_20240229,36,hiver,0.34558042883872986,499
B,20240124_20240229,36,hiver,0.39792919158935547,65
C,20240124_20240229,36,hiver,0.5274211764335632,394
D,20240124_20240229,36,hiver,0.4305858612060547,10484
A,20240124_20240312,48,hiver,0.3074558675289154,499
B,20240124_20240312,48,hiver,0.33300021290779114,65
C,20240124_20240312,48,hiver,0.3899599611759186,394
D,20240124_20240312,48,hiver,0.33761298656463623,10485
A,20240124_20240523,120,hiver,0.29367464780807495,499
B,20240124_20240523,120,hiver,0.28452587127685547,65
C,20240124_20240523,120,hiver,0.3006089925765991,394
D,20240124_20240523,120,hiver,0.3019729256629944,10402
A,20240205_20240217,12,hiver,0.499549925327301,499
B,20240205_20240217,12,hiver,0.395026832818985,65
C,20240205_20240217,12,hiver,0.8078943490982056,394
D,20240205_20240217,12,hiver,0.6858900785446167,10385
A,20240205_20240229,24,hiver,0.3783893585205078,499
B,20240205_20240229,24,hiver,0.37997299432754517,65
C,20240205_20240229,24,hiver,0.7089061737060547,394
D,20240205_20240229,24,hiver,0.5958816409111023,10474
A,20240205_20240312,36,hiver,0.3266655206680298,499
B,20240205_20240312,36,hiver,0.38316377997398376,65
C,20240205_20240312,36,hiver,0.5250130295753479,394
D,20240205_20240312,36,hiver,0.41438472270965576,10477
A,20240205_20240324,48,hiver,0.3325394093990326,499
B,20240205_20240324,48,hiver,0.39549124240875244,65
C,20240205_20240324,48,hiver,0.5612884759902954,394
D,20240205_20240324,48,hiver,0.4488202631473541,10386
A,20240205_20240523,108,hiver,0.29531729221343994,499
B,20240205_20240523,108,hiver,0.28348785638809204,65
C,20240205_20240523,108,hiver,0.3108116686344147,394
D,20240205_20240523,108,hiver,0.3079224228858948,10436
A,20240217_20240229,12,hiver,0.6398364305496216,499
B,20240217_20240229,12,hiver,0.778766393661499,65
C,20240217_20240229,12,hiver,0.8100464940071106,394
D,20240217_20240229,12,hiver,0.6817824244499207,10472
A,20240217_20240312,24,hiver,0.4672345221042633,499
B,20240217_20240312,24,hiver,0.4915578067302704,65
C,20240217_20240312,24,hiver,0.5987940430641174,394
D,20240217_20240312,24,hiver,0.43130719661712646,10472
A,20240217_20240324,36,hiver,0.3746403455734253,499
B,20240217_20240324,36,hiver,0.39912283420562744,65
C,20240217_20240324,36,hiver,0.6243345737457275,394
D,20240217_20240324,36,hiver,0.5662825107574463,10385
A,20240217_20240405,48,hiver,0.3689391016960144,499
B,20240217_20240405,48,hiver,0.40870633721351624,65
C,20240217_20240405,48,hiver,0.6045275330543518,392
D,20240217_20240405,48,hiver,0.5239484310150146,10342
A,20240217_20240523,96,hiver,0.30293914675712585,499
B,20240217_20240523,96,hiver,0.2680332362651825,65
C,20240217_20240523,96,hiver,0.3117280602455139,394
D,20240217_20240523,96,hiver,0.3067799210548401,10431
A,20240229_20240312,12,hiver,0.8347592949867249,499
B,20240229_20240312,12,hiver,0.9380095601081848,65
C,20240229_20240312,12,hiver,0.8739360570907593,394
D,20240229_20240312,12,hiver,0.7582035064697266,10565
A,20240229_20240324,24,hiver,0.45108845829963684,499
B,20240229_20240324,24,hiver,0.4073761999607086,65
C,20240229_20240324,24,hiver,0.6735610365867615,394
D,20240229_20240324,24,hiver,0.5752573013305664,10376
A,20240229_20240405,36,hiver,0.5528148412704468,499
B,20240229_20240405,36,hiver,0.7148776650428772,65
C,20240229_20240405,36,hiver,0.78594970703125,394
D,20240229_20240405,36,hiver,0.7738345265388489,10369
A,20240229_20240417,48,hiver,0.3239111006259918,499
B,20240229_20240417,48,hiver,0.42912915349006653,65
C,20240229_20240417,48,hiver,0.4871903359889984,394
D,20240229_20240417,48,hiver,0.4337197542190552,10369
A,20240229_20240523,84,hiver,0.29056960344314575,499
B,20240229_20240523,84,hiver,0.2806592285633087,65
C,20240229_20240523,84,hiver,0.30761075019836426,394
D,20240229_20240523,84,hiver,0.30714794993400574,10415
A,20240312_20240324,12,printemps,0.3844556212425232,499
B,20240312_20240324,12,printemps,0.30688372254371643,65
C,20240312_20240324,12,printemps,0.6396279335021973,394
D,20240312_20240324,12,printemps,0.4665922522544861,10366
A,20240312_20240405,24,printemps,0.45170921087265015,499
B,20240312_20240405,24,printemps,0.6106399297714233,65
C,20240312_20240405,24,printemps,0.6426341533660889,394
D,20240312_20240405,24,printemps,0.47343572974205017,10361
A,20240312_20240417,36,printemps,0.31195613741874695,499
B,20240312_20240417,36,printemps,0.28311413526535034,65
C,20240312_20240417,36,printemps,0.40558815002441406,394
D,20240312_20240417,36,printemps,0.3543842136859894,10366
A,20240312_20240429,48,printemps,0.34125590324401855,499
B,20240312_20240429,48,printemps,0.38785144686698914,65
C,20240312_20240429,48,printemps,0.4475906193256378,394
D,20240312_20240429,48,printemps,0.4202614426612854,10533
A,20240312_20240523,72,printemps,0.29004713892936707,499
B,20240312_20240523,72,printemps,0.2826625406742096,65
C,20240312_20240523,72,printemps,0.309307336807251,394
D,20240312_20240523,72,printemps,0.3034035563468933,10408
A,20240324_20240405,12,printemps,0.523746907711029,499
B,20240324_20240405,12,printemps,0.4558766186237335,65
C,20240324_20240405,12,printemps,0.6882158517837524,394
D,20240324_20240405,12,printemps,0.5846295952796936,10364
A,20240324_20240417,24,printemps,0.34060904383659363,499
B,20240324_20240417,24,printemps,0.3328527510166168,65
C,20240324_20240417,24,printemps,0.528648853302002,394
D,20240324_20240417,24,printemps,0.48732367157936096,10364
A,20240324_20240429,36,printemps,0.29974329471588135,499
B,20240324_20240429,36,printemps,0.2748749852180481,65
C,20240324_20240429,36,printemps,0.3353210985660553,394
D,20240324_20240429,36,printemps,0.31335780024528503,10492
A,20240324_20240511,48,printemps,0.2900531589984894,499
B,20240324_20240511,48,printemps,0.28239181637763977,65
C,20240324_20240511,48,printemps,0.3101404309272766,394
D,20240324_20240511,48,printemps,0.3042547404766083,10489
A,20240324_20240523,60,printemps,0.2904694378376007,499
B,20240324_20240523,60,printemps,0.2673770487308502,65
C,20240324_20240523,60,printemps,0.3095979690551758,394
D,20240324_20240523,60,printemps,0.3047633767127991,10410
A,20240324_20240604,72,printemps,0.29086509346961975,499
B,20240324_20240604,72,printemps,0.26881685853004456,65
C,20240324_20240604,72,printemps,0.2981760799884796,394
D,20240324_20240604,72,printemps,0.29879242181777954,10364
A,20240405_20240417,12,printemps,0.6244571208953857,499
B,20240405_20240417,12,printemps,0.5815778374671936,65
C,20240405_20240417,12,printemps,0.7551991939544678,394
D,20240405_20240417,12,printemps,0.5907279849052429,10402
A,20240405_20240429,24,printemps,0.3243961036205292,499
B,20240405_20240429,24,printemps,0.32355761528015137,65
C,20240405_20240429,24,printemps,0.37076500058174133,394
D,20240405_20240429,24,printemps,0.32434070110321045,10442
A,20240405_20240511,36,printemps,0.29554206132888794,499
B,20240405_20240511,36,printemps,0.274303674697876,65
C,20240405_20240511,36,printemps,0.306274950504303,394
D,20240405_20240511,36,printemps,0.30402442812919617,10442
A,20240405_20240523,48,printemps,0.3002379834651947,499
B,20240405_20240523,48,printemps,0.26354703307151794,65
C,20240405_20240523,48,printemps,0.32610976696014404,394
D,20240405_20240523,48,printemps,0.3182046115398407,10447
A,20240405_20240604,60,printemps,0.29048410058021545,499
B,20240405_20240604,60,printemps,0.2727433741092682,65
C,20240405_20240604,60,printemps,0.29323288798332214,394
D,20240405_20240604,60,printemps,0.29904142022132874,10355
A,20240417_20240429,12,printemps,0.5099250674247742,499
B,20240417_20240429,12,printemps,0.5136690139770508,65
C,20240417_20240429,12,printemps,0.45258378982543945,394
D,20240417_20240429,12,printemps,0.3283310830593109,10486
A,20240417_20240511,24,printemps,0.30086076259613037,499
B,20240417_20240511,24,printemps,0.2698765695095062,65
C,20240417_20240511,24,printemps,0.30760130286216736,394
D,20240417_20240511,24,printemps,0.3033360540866852,10486
A,20240417_20240523,36,printemps,0.29620906710624695,499
B,20240417_20240523,36,printemps,0.27663516998291016,65
C,20240417_20240523,36,printemps,0.34493833780288696,394
D,20240417_20240523,36,printemps,0.3291623294353485,10406
A,20240417_20240604,48,printemps,0.289140522480011,499
B,20240417_20240604,48,printemps,0.2683720588684082,65
C,20240417_20240604,48,printemps,0.29009249806404114,392
D,20240417_20240604,48,printemps,0.29479795694351196,10312
A,20240417_20240616,60,printemps,0.2907443046569824,499
B,20240417_20240616,60,printemps,0.2725169062614441,65
C,20240417_20240616,60,printemps,0.3024173080921173,394
D,20240417_20240616,60,printemps,0.3001320958137512,10447
A,20240429_20240511,12,printemps,0.430513858795166,499
B,20240429_20240511,12,printemps,0.45945221185684204,65
C,20240429_20240511,12,printemps,0.4917253851890564,394
D,20240429_20240511,12,printemps,0.4117690324783325,10556
A,20240429_20240523,24,printemps,0.29997825622558594,499
B,20240429_20240523,24,printemps,0.28292781114578247,65
C,20240429_20240523,24,printemps,0.2968730330467224,394
D,20240429_20240523,24,printemps,0.29853469133377075,10440
A,20240429_20240604,36,printemps,0.29614514112472534,499
B,20240429_20240604,36,printemps,0.26681873202323914,65
C,20240429_20240604,36,printemps,0.31630781292915344,394
D,20240429_20240604,36,printemps,0.3078656792640686,10353
A,20240429_20240616,48,printemps,0.29304781556129456,499
B,20240429_20240616,48,printemps,0.26040637493133545,65
C,20240429_20240616,48,printemps,0.3005077540874481,394
D,20240429_20240616,48,printemps,0.30061987042427063,10435
A,20240429_20240710,72,printemps,0.29401129484176636,499
B,20240429_20240710,72,printemps,0.25972431898117065,65
C,20240429_20240710,72,printemps,0.30003300309181213,394
D,20240429_20240710,72,printemps,0.2992616295814514,10395
A,20240511_20240523,12,printemps,0.29779621958732605,499
B,20240511_20240523,12,printemps,0.2798926830291748,65
C,20240511_20240523,12,printemps,0.30277326703071594,394
D,20240511_20240523,12,printemps,0.29891079664230347,10433
A,20240511_20240604,24,printemps,0.2960551679134369,499
B,20240511_20240604,24,printemps,0.2736767828464508,65
C,20240511_20240604,24,printemps,0.3287273049354553,394
D,20240511_20240604,24,printemps,0.30863937735557556,10348
A,20240511_20240616,36,printemps,0.29253843426704407,499
B,20240511_20240616,36,printemps,0.27709388732910156,65
C,20240511_20240616,36,printemps,0.3054836392402649,394
D,20240511_20240616,36,printemps,0.3013220727443695,10435
A,20240511_20240710,60,printemps,0.294903039932251,499
B,20240511_20240710,60,printemps,0.2827107906341553,65
C,20240511_20240710,60,printemps,0.30785974860191345,394
D,20240511_20240710,60,printemps,0.3022885322570801,10394
A,20240511_20240722,72,printemps,0.29664069414138794,499
B,20240511_20240722,72,printemps,0.2663869559764862,65
C,20240511_20240722,72,printemps,0.29483067989349365,394
D,20240511_20240722,72,printemps,0.2993498742580414,10436
A,20240523_20240604,12,printemps,0.29875999689102173,499
B,20240523_20240604,12,printemps,0.2817862629890442,65
C,20240523_20240604,12,printemps,0.31460875272750854,394
D,20240523_20240604,12,printemps,0.30363282561302185,10376
A,20240523_20240616,24,printemps,0.2958722412586212,499
B,20240523_20240616,24,printemps,0.27811965346336365,65
C,20240523_20240616,24,printemps,0.3216450810432434,394
D,20240523_20240616,24,printemps,0.3099406361579895,10457
A,20240523_20240710,48,printemps,0.2945648431777954,499
B,20240523_20240710,48,printemps,0.27691158652305603,65
C,20240523_20240710,48,printemps,0.3001565635204315,394
D,20240523_20240710,48,printemps,0.29891085624694824,10422
A,20240523_20240722,60,printemps,0.2942979335784912,499
B,20240523_20240722,60,printemps,0.2775975465774536,65
C,20240523_20240722,60,printemps,0.3086007833480835,394
D,20240523_20240722,60,printemps,0.3025522530078888,10422
A,20240523_20240803,72,printemps,0.29406115412712097,499
B,20240523_20240803,72,printemps,0.2773813307285309,65
C,20240523_20240803,72,printemps,0.2998504936695099,394
D,20240523_20240803,72,printemps,0.29774588346481323,10425
A,20240523_20240815,84,printemps,0.2982558608055115,499
B,20240523_20240815,84,printemps,0.25960928201675415,65
C,20240523_20240815,84,printemps,0.2957548201084137,394
D,20240523_20240815,84,printemps,0.29962271451950073,10382
A,20240523_20240827,96,printemps,0.29812780022621155,499
B,20240523_20240827,96,printemps,0.2774147689342499,65
C,20240523_20240827,96,printemps,0.2966216504573822,394
D,20240523_20240827,96,printemps,0.29953065514564514,10331
A,20240523_20240908,108,printemps,0.3005186915397644,499
B,20240523_20240908,108,printemps,0.272052526473999,65
C,20240523_20240908,108,printemps,0.3056145906448364,392
D,20240523_20240908,108,printemps,0.29874712228775024,10329
A,20240523_20240920,120,printemps,0.30042174458503723,499
B,20240523_20240920,120,printemps,0.2693147659301758,65
C,20240523_20240920,120,printemps,0.29460734128952026,394
D,20240523_20240920,120,printemps,0.299086332321167,10467
A,20240604_20240616,12,été,0.32088738679885864,499
B,20240604_20240616,12,été,0.367014080286026,65
C,20240604_20240616,12,été,0.3858617842197418,394
D,20240604_20240616,12,été,0.34121599793434143,10428
A,20240604_20240710,36,été,0.2980896532535553,499
B,20240604_20240710,36,été,0.26833584904670715,65
C,20240604_20240710,36,été,0.3046475052833557,394
D,20240604_20240710,36,été,0.30189114809036255,10429
A,20240604_20240722,48,été,0.29005545377731323,499
B,20240604_20240722,48,été,0.2606675922870636,65
C,20240604_20240722,48,été,0.29490941762924194,394
D,20240604_20240722,48,été,0.3006146550178528,10430
A,20240616_20240710,24,été,0.29745757579803467,499
B,20240616_20240710,24,été,0.2725825309753418,65
C,20240616_20240710,24,été,0.3101351261138916,394
D,20240616_20240710,24,été,0.3004402220249176,10399
A,20240616_20240722,36,été,0.2951045632362366,499
B,20240616_20240722,36,été,0.2760584056377411,65
C,20240616_20240722,36,été,0.30675050616264343,394
D,20240616_20240722,36,été,0.30335095524787903,10444
A,20240616_20240803,48,été,0.3018091320991516,499
B,20240616_20240803,48,été,0.3069376051425934,65
C,20240616_20240803,48,été,0.3002653121948242,394
D,20240616_20240803,48,été,0.2995474636554718,10407
A,20240710_20240722,12,été,0.3102601170539856,499
B,20240710_20240722,12,été,0.28001686930656433,65
C,20240710_20240722,12,été,0.30517396330833435,394
D,20240710_20240722,12,été,0.30763933062553406,10431
A,20240710_20240803,24,été,0.3027271032333374,499
B,20240710_20240803,24,été,0.2754904627799988,65
C,20240710_20240803,24,été,0.3300277888774872,394
D,20240710_20240803,24,été,0.3097039461135864,10394
A,20240710_20240815,36,été,0.30001261830329895,499
B,20240710_20240815,36,été,0.296409547328949,65
C,20240710_20240815,36,été,0.3312521278858185,394
D,20240710_20240815,36,été,0.3132966458797455,10387
A,20240710_20240827,48,été,0.30208513140678406,499
B,20240710_20240827,48,été,0.27248936891555786,65
C,20240710_20240827,48,été,0.3110817074775696,392
D,20240710_20240827,48,été,0.3062218129634857,10302
A,20240722_20240803,12,été,0.3549637794494629,499
B,20240722_20240803,12,été,0.2886292636394501,65
C,20240722_20240803,12,été,0.3755289912223816,394
D,20240722_20240803,12,été,0.3338177502155304,10399
A,20240722_20240815,24,été,0.30570125579833984,499
B,20240722_20240815,24,été,0.2666492462158203,65
C,20240722_20240815,24,été,0.2999655306339264,394
D,20240722_20240815,24,été,0.3019710183143616,10395
A,20240722_20240827,36,été,0.2889360189437866,499
B,20240722_20240827,36,été,0.29262369871139526,65
C,20240722_20240827,36,été,0.30323511362075806,393
D,20240722_20240827,36,été,0.30113425850868225,10297
A,20240722_20240908,48,été,0.29743966460227966,499
B,20240722_20240908,48,été,0.2840258479118347,65
C,20240722_20240908,48,été,0.2955165505409241,394
D,20240722_20240908,48,été,0.2998374104499817,10344
A,20240803_20240815,12,été,0.32084041833877563,499
B,20240803_20240815,12,été,0.2908807098865509,65
C,20240803_20240815,12,été,0.37334713339805603,394
D,20240803_20240815,12,été,0.3196689486503601,10362
A,20240803_20240827,24,été,0.2966342270374298,499
B,20240803_20240827,24,été,0.2941230833530426,65
C,20240803_20240827,24,été,0.34309759736061096,393
D,20240803_20240827,24,été,0.31999561190605164,10315
A,20240803_20240908,36,été,0.29446619749069214,499
B,20240803_20240908,36,été,0.3120533227920532,65
C,20240803_20240908,36,été,0.30985942482948303,394
D,20240803_20240908,36,été,0.3043529987335205,10357
A,20240803_20240920,48,été,0.29388102889060974,499
B,20240803_20240920,48,été,0.2710157036781311,65
C,20240803_20240920,48,été,0.30188167095184326,394
D,20240803_20240920,48,été,0.301279217004776,10483
A,20240815_20240827,12,été,0.3404479920864105,499
B,20240815_20240827,12,été,0.30284297466278076,65
C,20240815_20240827,12,été,0.605897843837738,393
D,20240815_20240827,12,été,0.666133463382721,10312
A,20240815_20240908,24,été,0.296793133020401,499
B,20240815_20240908,24,été,0.277180552482605,65
C,20240815_20240908,24,été,0.3901139497756958,394
D,20240815_20240908,24,été,0.33647218346595764,10356
A,20240815_20240920,36,été,0.29239943623542786,499
B,20240815_20240920,36,été,0.2735200524330139,65
C,20240815_20240920,36,été,0.3282087445259094,394
D,20240815_20240920,36,été,0.3082467317581177,10482
A,20240815_20241002,48,été,0.29676932096481323,499
B,20240815_20241002,48,été,0.2773800790309906,65
C,20240815_20241002,48,été,0.30269840359687805,394
D,20240815_20241002,48,été,0.30430853366851807,10402
A,20240827_20240908,12,été,0.3199158012866974,499
B,20240827_20240908,12,été,0.29291319847106934,65
C,20240827_20240908,12,été,0.4293663799762726,394
D,20240827_20240908,12,été,0.34194958209991455,10341
A,20240827_20240920,24,été,0.31351542472839355,499
B,20240827_20240920,24,été,0.3142862319946289,65
C,20240827_20240920,24,été,0.3666175901889801,394
D,20240827_20240920,24,été,0.32258230447769165,10429
A,20240827_20241002,36,été,0.309893935918808,499
B,20240827_20241002,36,été,0.29701241850852966,65
C,20240827_20241002,36,été,0.3214612901210785,394
D,20240827_20241002,36,été,0.308720201253891,10388
A,20240827_20241014,48,été,0.29561087489128113,499
B,20240827_20241014,48,été,0.27759823203086853,65
C,20240827_20241014,48,été,0.3082047998905182,394
D,20240827_20241014,48,été,0.30311140418052673,10390
A,20240908_20240920,12,automne,0.3358261287212372,499
B,20240908_20240920,12,automne,0.37277311086654663,65
C,20240908_20240920,12,automne,0.45778846740722656,394
D,20240908_20240920,12,automne,0.37902140617370605,10430
A,20240908_20241002,24,automne,0.3195415735244751,499
B,20240908_20241002,24,automne,0.2885119318962097,65
C,20240908_20241002,24,automne,0.3553747236728668,394
D,20240908_20241002,24,automne,0.3130444288253784,10391
A,20240908_20241014,36,automne,0.3025498688220978,499
B,20240908_20241014,36,automne,0.28096601366996765,65
C,20240908_20241014,36,automne,0.3219711482524872,394
D,20240908_20241014,36,automne,0.30802077054977417,10381
A,20240908_20241026,48,automne,0.30405324697494507,499
B,20240908_20241026,48,automne,0.30395621061325073,65
C,20240908_20241026,48,automne,0.34359678626060486,394
D,20240908_20241026,48,automne,0.3159084618091583,10431
A,20240920_20241002,12,automne,0.34247246384620667,499
B,20240920_20241002,12,automne,0.2872692346572876,65
C,20240920_20241002,12,automne,0.5392577052116394,394
D,20240920_20241002,12,automne,0.4903748333454132,10397
A,20240920_20241014,24,automne,0.3161039650440216,499
B,20240920_20241014,24,automne,0.2713947892189026,65
C,20240920_20241014,24,automne,0.3929377794265747,394
D,20240920_20241014,24,automne,0.3258316218852997,10397
A,20240920_20241026,36,automne,0.3043309450149536,499
B,20240920_20241026,36,automne,0.2824079394340515,65
C,20240920_20241026,36,automne,0.476094514131546,394
D,20240920_20241026,36,automne,0.43527519702911377,10442
A,20240920_20241107,48,automne,0.3059094250202179,499
B,20240920_20241107,48,automne,0.2837769687175751,65
C,20240920_20241107,48,automne,0.3830752670764923,394
D,20240920_20241107,48,automne,0.32711946964263916,10357
A,20241002_20241014,12,automne,0.563802182674408,499
B,20241002_20241014,12,automne,0.5604813098907471,65
C,20241002_20241014,12,automne,0.6935430765151978,394
D,20241002_20241014,12,automne,0.5212573409080505,10384
A,20241002_20241026,24,automne,0.38616251945495605,499
B,20241002_20241026,24,automne,0.2853199243545532,65
C,20241002_20241026,24,automne,0.5047353506088257,394
D,20241002_20241026,24,automne,0.46583107113838196,10426
A,20241002_20241107,36,automne,0.3589322865009308,499
B,20241002_20241107,36,automne,0.306152880191803,65
C,20241002_20241107,36,automne,0.48260536789894104,394
D,20241002_20241107,36,automne,0.3792736232280731,10339
A,20241002_20241119,48,automne,0.3325188457965851,499
B,20241002_20241119,48,automne,0.3183896839618683,65
C,20241002_20241119,48,automne,0.3893269896507263,394
D,20241002_20241119,48,automne,0.33976730704307556,10502
A,20241014_20241026,12,automne,0.5316521525382996,499
B,20241014_20241026,12,automne,0.4957280158996582,65
C,20241014_20241026,12,automne,0.5334945321083069,394
D,20241014_20241026,12,automne,0.3658062815666199,10436
A,20241014_20241107,24,automne,0.519029438495636,499
B,20241014_20241107,24,automne,0.4101316034793854,65
C,20241014_20241107,24,automne,0.6735508441925049,392
D,20241014_20241107,24,automne,0.5466667413711548,10350
A,20241014_20241119,36,automne,0.46006789803504944,499
B,20241014_20241119,36,automne,0.36042487621307373,65
C,20241014_20241119,36,automne,0.607230007648468,394
D,20241014_20241119,36,automne,0.4857390224933624,10475
A,20241026_20241107,12,automne,0.7468358278274536,499
B,20241026_20241107,12,automne,0.8392165899276733,65
C,20241026_20241107,12,automne,0.6481326222419739,392
D,20241026_20241107,12,automne,0.38783329725265503,10348
A,20241026_20241119,24,automne,0.6187959313392639,499
B,20241026_20241119,24,automne,0.7711153626441956,65
C,20241026_20241119,24,automne,0.4825946092605591,394
D,20241026_20241119,24,automne,0.3426612317562103,10517
A,20241026_20241213,48,automne,0.3156967759132385,499
B,20241026_20241213,48,automne,0.2933521270751953,65
C,20241026_20241213,48,automne,0.3523564338684082,394
D,20241026_20241213,48,automne,0.3289896547794342,10519
A,20241107_20241119,12,automne,0.9187799096107483,499
B,20241107_20241119,12,automne,0.9608372449874878,65
C,20241107_20241119,12,automne,0.8628664612770081,394
D,20241107_20241119,12,automne,0.746814489364624,10451
A,20241107_20241213,36,automne,0.35966333746910095,499
B,20241107_20241213,36,automne,0.32906848192214966,65
C,20241107_20241213,36,automne,0.5552088022232056,394
D,20241107_20241213,36,automne,0.48908504843711853,10451
A,20241107_20241225,48,automne,0.35027551651000977,499
B,20241107_20241225,48,automne,0.3688376843929291,65
C,20241107_20241225,48,automne,0.5618030428886414,394
D,20241107_20241225,48,automne,0.4573981761932373,10446
A,20241119_20241213,24,automne,0.35522863268852234,499
B,20241119_20241213,24,automne,0.3400585949420929,65
C,20241119_20241213,24,automne,0.564067006111145,394
D,20241119_20241213,24,automne,0.5060431957244873,10512
A,20241119_20241225,36,automne,0.3704946041107178,499
B,20241119_20241225,36,automne,0.4659920930862427,65
C,20241119_20241225,36,automne,0.5734472870826721,394
D,20241119_20241225,36,automne,0.4656335115432739,10434
A,20241213_20241225,12,hiver,0.7087793350219727,499
B,20241213_20241225,12,hiver,0.4214913845062256,65
C,20241213_20241225,12,hiver,0.8895636200904846,394
D,20241213_20241225,12,hiver,0.8661664128303528,10418
