trial,amplitude_mm,r2_seasonal
0,2.097,0.1207
1,0.232,0.004
2,0.823,0.0299
3,1.919,0.0684
4,1.772,0.1107
5,2.713,0.0611
6,3.026,0.1026
8,4.808,0.1626
9,0.273,0.0038
10,0.326,0.0343
11,1.905,0.0916
12,1.019,0.0424
13,0.615,0.0501
14,1.995,0.095
15,1.972,0.186
16,0.227,0.0231
17,0.956,0.0686
18,0.375,0.0083
19,0.324,0.006
20,1.771,0.0643
21,1.897,0.1087
22,1.168,0.0829
24,2.09,0.1382
25,0.634,0.013
26,0.288,0.0159
27,2.356,0.0458
28,1.542,0.0806
29,1.991,0.1877
30,0.933,0.0248
31,2.881,0.1518
33,2.635,0.1289
35,0.267,0.0133
37,1.775,0.1105
38,1.003,0.0653
39,1.393,0.0843
40,1.619,0.0962
42,1.907,0.0315
43,2.023,0.0503
45,1.258,0.0903
46,0.44,0.0115
47,1.099,0.0933
48,2.069,0.0679
49,0.768,0.0748
50,1.061,0.0421
51,1.52,0.0843
52,1.293,0.1491
53,2.253,0.1065
54,0.788,0.0217
55,2.243,0.1071
56,2.087,0.1347
57,1.333,0.173
58,2.043,0.0833
59,1.665,0.217
60,1.502,0.0609
61,1.449,0.1127
62,2.374,0.2217
63,1.873,0.1075
64,0.959,0.0235
65,8.497,0.1182
66,0.408,0.0098
67,1.486,0.0942
68,2.357,0.1181
69,0.547,0.0158
70,1.134,0.0483
71,2.323,0.1224
72,1.361,0.0805
73,1.165,0.1455
74,1.132,0.0781
75,2.415,0.1346
77,1.226,0.0306
78,0.831,0.0372
79,2.335,0.1166
80,0.73,0.027
81,0.496,0.0156
82,2.109,0.0769
83,1.597,0.0615
84,0.085,0.0007
85,0.376,0.0096
86,0.742,0.0276
87,1.823,0.0966
88,2.129,0.1711
89,1.507,0.0686
90,2.096,0.0934
91,2.367,0.1203
92,2.55,0.1062
93,2.156,0.0706
94,1.2,0.0583
95,0.906,0.1071
96,2.406,0.0595
97,3.004,0.1007
98,1.411,0.0657
99,1.921,0.1043
100,1.887,0.1341
101,1.225,0.0483
102,1.799,0.0847
103,2.542,0.099
104,2.489,0.1484
105,0.268,0.0043
107,2.925,0.0706
108,0.196,0.0032
109,1.156,0.0467
110,0.781,0.0349
111,7.33,0.096
112,1.92,0.1041
113,1.11,0.0518
114,0.407,0.0062
115,1.512,0.0703
116,0.075,0.0005
117,1.949,0.0564
118,2.277,0.1776
120,1.158,0.1847
121,1.398,0.0751
122,2.246,0.109
123,2.402,0.1245
124,1.916,0.09
125,43.545,0.174
126,0.906,0.1071
127,0.481,0.0287
128,2.287,0.1153
129,1.524,0.0514
130,0.892,0.02
131,0.173,0.0025
132,2.34,0.1192
133,2.367,0.0708
134,1.415,0.0693
135,1.779,0.0606
136,3.408,0.0588
137,2.27,0.1181
138,0.299,0.0068
140,0.892,0.0383
141,0.239,0.0041
142,1.018,0.0396
143,0.334,0.0058
144,1.517,0.0903
145,1.507,0.1546
146,0.97,0.0572
147,1.909,0.0813
148,1.872,0.0493
149,1.106,0.1609
150,2.948,0.0762
151,1.226,0.0736
152,1.038,0.0281
153,0.349,0.0088
154,2.506,0.1323
155,1.491,0.0507
156,0.08,0.0004
157,2.296,0.1128
159,1.168,0.1142
160,2.302,0.1297
161,1.047,0.0425
162,1.733,0.1188
163,1.062,0.0451
164,1.737,0.1425
165,0.933,0.0719
166,2.044,0.0638
167,0.286,0.005
169,1.773,0.1205
170,2.171,0.0802
171,1.023,0.0419
172,0.956,0.0503
173,2.298,0.205
174,2.385,0.1112
175,2.327,0.1159
176,2.734,0.1088
177,3.088,0.1284
178,1.714,0.0357
179,1.814,0.1688
180,1.791,0.0721
181,0.338,0.0049
182,0.535,0.0655
183,0.327,0.0057
184,2.492,0.1461
187,2.49,0.1206
188,7.139,0.1578
189,2.243,0.1098
190,2.662,0.1383
191,2.288,0.1122
192,1.136,0.0472
194,0.891,0.0396
195,2.255,0.1073
196,1.118,0.0467
197,2.422,0.1286
198,1.74,0.1124
199,0.466,0.0087
200,2.921,0.1302
201,1.061,0.0826
202,2.522,0.1158
203,1.453,0.0297
204,1.969,0.0804
205,1.293,0.0582
206,1.88,0.0443
207,2.275,0.112
208,2.075,0.1009
209,1.762,0.0543
210,1.607,0.1361
211,0.626,0.0203
212,1.151,0.1126
213,1.181,0.07
215,2.328,0.1155
216,1.236,0.0728
217,3.214,0.0922
218,1.161,0.0406
219,1.799,0.1549
220,2.205,0.0615
221,1.12,0.0686
222,0.89,0.0551
224,0.338,0.0049
225,0.099,0.0009
226,2.303,0.1215
228,3.917,0.1249
229,1.17,0.0506
231,0.9,0.1488
232,2.282,0.1144
233,1.436,0.0487
234,1.704,0.0968
235,2.875,0.0953
236,0.918,0.0593
237,1.954,0.1054
238,0.455,0.0716
239,3.09,0.0982
240,1.345,0.1852
241,1.208,0.0512
242,1.994,0.0601
243,1.341,0.0729
244,2.614,0.1281
245,1.897,0.07
247,0.283,0.0261
248,2.502,0.1699
249,1.57,0.0425
250,2.428,0.0928
251,1.776,0.0493
252,2.665,0.1081
253,1.883,0.0901
254,3.071,0.1414
255,2.177,0.0694
256,1.687,0.0349
257,1.969,0.0473
258,0.99,0.035
259,2.574,0.1105
260,1.247,0.0548
261,0.381,0.0095
262,1.471,0.0554
263,0.282,0.0111
264,1.123,0.0462
265,2.573,0.1402
267,0.642,0.0255
268,1.417,0.1287
269,2.553,0.1092
270,1.316,0.0644
271,1.319,0.0748
272,0.829,0.0684
273,2.372,0.135
274,2.436,0.1579
275,1.934,0.1775
276,1.438,0.1592
277,1.244,0.0307
278,0.262,0.0051
279,1.42,0.0645
280,4.567,0.0338
281,0.533,0.0182
282,1.817,0.0488
283,0.374,0.0095
284,2.808,0.0645
285,0.942,0.0258
286,0.44,0.0077
287,3.162,0.1376
288,2.569,0.1344
289,1.351,0.0744
290,2.038,0.0326
291,0.987,0.0227
292,2.263,0.1083
294,1.231,0.0947
295,0.78,0.0201
296,2.352,0.1698
297,1.53,0.0941
298,1.917,0.1019
299,0.298,0.0068
300,3.122,0.0583
302,1.804,0.0323
303,2.27,0.1181
304,1.783,0.0327
306,1.467,0.0358
307,1.284,0.0943
308,0.869,0.0408
309,2.078,0.074
310,1.842,0.0646
311,1.185,0.1611
312,1.92,0.1735
313,0.352,0.0068
314,0.16,0.0019
317,1.335,0.0447
318,1.838,0.1335
319,1.915,0.0341
320,1.068,0.0456
321,2.176,0.1204
322,1.511,0.0814
323,1.191,0.056
324,1.438,0.0526
325,1.155,0.0558
326,0.699,0.0432
327,0.399,0.0069
328,1.391,0.1078
329,1.43,0.0842
331,1.704,0.0666
332,1.207,0.0287
333,1.919,0.0684
334,0.91,0.0401
335,2.648,0.1315
336,1.005,0.0912
337,2.419,0.1265
338,2.264,0.055
339,1.008,0.0421
340,1.198,0.0888
341,1.208,0.0512
342,0.262,0.0399
343,1.351,0.0417
344,1.844,0.1674
345,1.762,0.1029
347,2.701,0.0994
348,2.594,0.1113
349,2.14,0.1155
350,2.902,0.1418
351,0.262,0.0054
352,2.078,0.074
353,0.763,0.1229
354,0.424,0.0281
355,1.92,0.0717
356,0.25,0.0039
357,1.709,0.056
358,1.321,0.0409
359,1.847,0.1461
360,0.344,0.0088
361,2.279,0.1323
362,2.237,0.1107
363,2.65,0.1226
364,0.511,0.1122
367,1.779,0.1514
368,10.413,0.2264
369,1.451,0.0939
370,0.953,0.0303
371,1.911,0.049
372,0.162,0.0022
373,1.847,0.1098
374,0.951,0.0223
375,0.317,0.0064
376,1.235,0.0991
377,0.398,0.0178
378,1.594,0.1618
379,0.241,0.0035
380,1.987,0.1733
381,2.703,0.1043
382,2.456,0.1447
383,0.452,0.0144
384,1.606,0.0927
385,0.98,0.0717
386,1.517,0.0526
388,0.547,0.0158
389,2.22,0.0972
391,1.237,0.0993
392,1.408,0.1478
394,0.956,0.0686
395,1.926,0.1433
396,0.11,0.0011
397,1.751,0.0693
398,0.985,0.085
399,0.172,0.0154
400,2.033,0.0825
401,2.431,0.1041
402,2.368,0.1653
403,1.784,0.0425
404,1.719,0.0744
405,0.562,0.0174
406,0.95,0.0569
407,1.961,0.0568
408,1.35,0.1793
409,0.425,0.0116
410,1.098,0.0308
411,1.211,0.0934
412,0.984,0.0239
413,1.797,0.0724
416,1.005,0.049
417,1.114,0.1597
418,0.446,0.0845
419,1.581,0.0926
420,1.681,0.0972
421,2.69,0.1013
422,0.189,0.003
423,1.964,0.1156
424,1.929,0.0877
426,1.66,0.1835
427,0.103,0.001
428,2.894,0.1402
430,2.4,0.1272
431,1.846,0.1101
432,2.246,0.112
433,2.575,0.1253
434,1.884,0.0514
435,1.227,0.1578
436,0.536,0.1229
437,1.73,0.0694
438,1.683,0.0314
439,1.938,0.1549
440,2.044,0.0828
441,2.361,0.1166
442,2.031,0.1224
443,1.599,0.0447
444,0.375,0.0097
445,4.491,0.0613
446,2.734,0.0952
448,2.585,0.098
449,1.618,0.0643
450,0.73,0.027
451,2.078,0.203
452,0.667,0.0145
453,1.025,0.0469
454,3.575,0.0692
455,2.809,0.0851
456,1.975,0.0793
457,1.26,0.0672
458,2.432,0.1344
459,2.282,0.1209
461,1.906,0.1733
462,7.184,0.2331
463,1.276,0.1449
464,1.604,0.1026
465,0.95,0.0769
466,1.579,0.169
467,2.363,0.1686
468,2.09,0.1066
469,2.917,0.0921
470,6.536,0.3046
471,0.207,0.0027
472,2.518,0.1022
473,8.336,0.1524
474,1.103,0.0498
475,2.399,0.1644
476,1.794,0.0725
477,1.155,0.0558
478,0.898,0.0613
479,2.259,0.1098
480,1.078,0.0467
481,2.394,0.0661
482,2.935,0.1355
483,2.061,0.1006
485,2.507,0.1422
486,1.101,0.1098
487,1.039,0.0494
488,2.109,0.1293
489,0.539,0.0115
490,1.442,0.1347
491,0.359,0.009
492,0.957,0.0349
493,1.086,0.0542
494,1.154,0.1548
495,2.356,0.1222
496,2.606,0.1253
497,5.359,0.0936
498,0.296,0.0105
499,2.305,0.1298
500,2.891,0.0902
501,1.945,0.1081
502,0.923,0.0631
503,2.138,0.1151
504,1.585,0.1684
505,1.068,0.0296
506,2.184,0.1323
507,2.336,0.1739
508,2.012,0.0478
509,1.154,0.1548
510,1.907,0.0315
511,1.393,0.0843
513,1.169,0.0356
514,1.131,0.0309
516,2.345,0.135
517,1.559,0.147
518,1.709,0.0691
519,2.101,0.1531
520,1.564,0.056
521,2.32,0.1481
522,1.403,0.103
523,1.593,0.0792
524,0.638,0.0503
525,1.546,0.0751
526,1.451,0.0939
527,2.178,0.0867
528,1.44,0.0671
529,1.684,0.0774
530,1.059,0.1542
531,1.606,0.0866
532,1.315,0.0793
533,0.267,0.0133
534,0.772,0.0334
536,2.221,0.0965
537,1.63,0.0998
538,4.784,0.1874
540,1.623,0.1257
541,1.604,0.1026
542,2.427,0.0979
543,2.29,0.1244
544,2.225,0.0621
545,2.33,0.0671
546,1.696,0.0814
547,1.906,0.1768
548,1.762,0.1098
549,0.878,0.0261
551,2.227,0.0996
553,2.345,0.1264
555,1.56,0.0887
556,1.917,0.082
557,2.247,0.1094
558,1.025,0.049
559,2.035,0.0821
560,1.87,0.1377
561,1.103,0.0489
562,1.002,0.074
563,2.058,0.1724
564,1.007,0.075
565,2.376,0.1228
566,2.178,0.0634
567,1.229,0.0578
568,2.533,0.1075
569,2.455,0.1189
570,3.143,0.1195
571,1.666,0.1728
572,1.384,0.0451
573,2.035,0.0841
574,2.756,0.1354
575,2.146,0.15
576,0.572,0.1492
577,1.174,0.0906
578,1.462,0.0477
579,1.871,0.0336
580,2.306,0.0848
581,1.578,0.0701
582,1.08,0.0259
583,4.169,0.0524
584,1.288,0.063
585,1.229,0.0578
587,1.399,0.0867
588,0.78,0.1188
589,1.286,0.0643
590,1.944,0.078
591,0.317,0.0063
592,2.238,0.108
593,2.729,0.0977
594,1.734,0.0671
595,1.747,0.0586
596,2.403,0.0965
597,1.348,0.1099
598,2.151,0.107
599,1.611,0.0774
600,0.422,0.012
601,1.875,0.0854
602,0.881,0.0385
603,1.14,0.2031
604,1.082,0.0515
605,4.566,0.1673
606,5.691,0.0471
607,1.922,0.1791
608,0.614,0.0931
609,0.486,0.1249
610,2.128,0.054
611,2.305,0.1373
612,1.448,0.0635
613,0.66,0.0212
614,1.897,0.0619
615,0.273,0.0038
616,1.025,0.1067
617,2.273,0.108
618,2.546,0.1077
619,2.343,0.1162
620,0.235,0.0044
621,2.619,0.0906
622,1.597,0.0615
623,1.495,0.0691
624,0.093,0.0008
625,1.989,0.174
626,1.753,0.1014
627,1.211,0.062
628,0.768,0.0748
629,0.666,0.0473
630,1.594,0.0911
631,1.599,0.0447
632,2.356,0.1245
633,0.098,0.0009
634,3.024,0.1337
635,2.661,0.1185
636,1.872,0.0785
637,2.415,0.1124
638,2.22,0.1078
639,2.588,0.1286
641,1.113,0.0856
642,1.679,0.0678
643,0.928,0.0835
644,1.797,0.1884
645,2.278,0.1141
646,2.33,0.1129
647,1.808,0.0359
648,1.958,0.0539
649,2.276,0.2187
650,2.328,0.0953
651,2.292,0.1032
652,0.407,0.0111
653,5.378,0.2277
654,1.148,0.0311
655,1.365,0.0976
656,2.217,0.0753
657,1.85,0.1023
658,1.144,0.1483
659,1.663,0.1003
660,0.894,0.0425
661,0.344,0.0066
662,2.219,0.1181
663,2.543,0.0942
664,1.72,0.0641
665,0.582,0.0237
666,0.636,0.159
668,1.469,0.1165
669,2.021,0.0534
670,0.886,0.0413
671,2.342,0.1089
672,3.022,0.1351
673,2.143,0.1557
674,2.053,0.0327
675,1.161,0.1594
676,1.289,0.1582
677,1.696,0.0433
678,2.237,0.1557
679,1.098,0.0814
680,1.489,0.0715
681,1.904,0.032
683,0.044,0.0002
684,1.63,0.0998
685,1.509,0.1667
686,0.371,0.006
687,0.981,0.0472
688,0.125,0.0014
689,1.217,0.0936
690,1.884,0.0975
691,4.169,0.0524
692,0.209,0.0027
693,2.176,0.0796
694,2.486,0.0205
695,0.3,0.0578
696,1.788,0.169
697,2.09,0.1382
698,0.631,0.0216
699,1.7,0.0534
700,1.415,0.0693
701,2.338,0.1173
702,1.895,0.0377
703,2.938,0.1041
704,2.241,0.1148
705,0.175,0.0169
706,1.653,0.1719
707,2.343,0.2257
708,2.409,0.1231
709,1.681,0.0318
710,2.828,0.119
711,2.373,0.1003
712,1.544,0.0122
713,1.774,0.1842
714,1.448,0.0659
715,1.562,0.05
716,1.593,0.0491
717,2.506,0.1231
718,1.549,0.0517
719,2.874,0.1289
720,1.583,0.0688
721,0.246,0.0046
722,2.538,0.1086
723,1.233,0.0948
724,1.672,0.0682
725,1.068,0.0456
726,0.289,0.0053
727,2.731,0.1207
728,2.177,0.0694
730,0.641,0.0955
731,2.793,0.0635
732,3.088,0.132
733,0.67,0.0444
734,1.479,0.1469
735,2.319,0.0638
736,0.876,0.1432
737,1.041,0.0226
738,1.693,0.0531
739,2.862,0.1054
740,2.004,0.1754
741,1.35,0.0655
742,1.205,0.1425
743,2.044,0.1258
744,2.421,0.1239
745,1.528,0.0324
746,1.252,0.098
747,1.033,0.0603
748,1.843,0.1385
749,1.213,0.0882
750,1.681,0.0346
751,0.123,0.0014
752,2.506,0.108
753,3.666,0.112
754,2.597,0.1147
755,1.308,0.0594
756,0.279,0.0061
757,0.47,0.0198
758,1.929,0.1132
759,1.637,0.149
760,0.583,0.0114
761,3.22,0.0944
762,1.692,0.0701
763,3.023,0.1317
764,1.918,0.1061
765,0.826,0.0204
766,8.733,0.1208
767,3.913,0.3286
768,1.901,0.1498
769,2.277,0.1224
771,0.175,0.0021
772,1.56,0.0829
773,1.608,0.0723
775,1.263,0.1234
776,1.622,0.1617
777,1.904,0.106
778,2.604,0.0743
779,0.137,0.0016
780,0.447,0.0842
781,2.381,0.1218
782,1.419,0.1619
783,1.015,0.0403
784,0.912,0.0232
785,1.268,0.0647
786,2.103,0.135
787,1.982,0.0982
788,1.161,0.1594
789,0.865,0.0241
790,1.784,0.0356
791,1.958,0.0539
792,0.285,0.0102
793,1.847,0.1461
794,1.264,0.0316
796,2.052,0.1149
797,1.28,0.0789
798,1.951,0.0743
799,1.169,0.0534
800,0.339,0.0051
801,2.832,0.1157
802,2.253,0.1099
803,1.94,0.0849
804,0.314,0.0049
805,1.782,0.0356
806,3.162,0.1376
807,3.068,0.0653
808,0.299,0.0053
809,1.744,0.1098
810,1.033,0.0789
811,2.232,0.0982
812,0.213,0.0028
813,2.359,0.0863
814,2.165,0.119
815,0.149,0.0014
816,0.908,0.0639
817,1.93,0.0507
818,2.197,0.0949
819,0.205,0.0026
820,0.888,0.0361
821,1.92,0.0717
822,1.217,0.0936
823,1.616,0.1767
824,1.585,0.0635
825,2.261,0.1075
826,0.929,0.0622
827,0.361,0.0804
828,1.221,0.1577
829,1.541,0.0443
830,1.395,0.076
831,2.332,0.1186
832,1.774,0.0666
833,0.909,0.0304
835,1.909,0.0951
836,1.869,0.0951
837,0.641,0.0955
839,1.928,0.1073
841,1.084,0.1551
842,1.311,0.0395
843,1.898,0.0589
844,1.926,0.0725
845,0.149,0.0017
846,6.004,0.09
847,2.251,0.0551
848,2.199,0.0962
849,1.213,0.0916
850,1.103,0.0489
851,1.088,0.1494
853,0.179,0.0027
854,1.979,0.0813
855,2.231,0.1811
856,2.061,0.1276
857,1.838,0.0355
858,2.43,0.1237
859,0.668,0.111
860,4.497,0.31
861,1.829,0.1492
862,2.426,0.1196
863,1.102,0.0642
864,1.334,0.0676
865,1.593,0.1743
866,2.012,0.0979
867,0.407,0.0111
868,1.293,0.0582
869,1.047,0.0638
870,1.558,0.0787
871,0.528,0.0377
872,0.216,0.0226
873,1.1,0.0689
874,0.337,0.008
875,2.36,0.1162
876,0.998,0.0489
877,3.0,0.1339
878,0.749,0.0271
879,1.443,0.1588
880,0.137,0.0014
881,1.825,0.1792
883,1.889,0.0509
884,2.024,0.1089
885,2.275,0.1099
887,0.214,0.0038
888,2.144,0.0925
889,0.84,0.0382
891,1.893,0.0973
892,2.468,0.1251
893,1.045,0.0886
894,1.729,0.1029
895,1.263,0.0606
896,0.871,0.0331
897,1.69,0.0428
898,2.4,0.1272
900,1.351,0.1498
901,1.82,0.1683
902,2.231,0.1546
903,2.535,0.1303
904,2.619,0.1017
905,0.726,0.0932
906,2.279,0.094
907,1.666,0.072
908,1.881,0.1067
909,1.156,0.2062
910,0.789,0.0576
911,0.845,0.218
912,0.454,0.0025
913,0.986,0.0265
914,2.337,0.1244
915,2.104,0.1251
916,0.485,0.0148
917,2.542,0.0727
918,1.626,0.1346
919,0.295,0.0045
920,1.001,0.0269
921,0.307,0.0044
923,6.162,0.2298
924,1.887,0.1723
925,2.496,0.118
926,1.768,0.1435
927,0.319,0.0077
928,1.923,0.0367
929,2.033,0.1492
930,1.988,0.0558
931,0.615,0.0501
932,1.148,0.0654
933,2.04,0.0583
934,1.928,0.1393
935,1.817,0.036
936,2.236,0.1088
937,0.901,0.1322
939,1.615,0.0801
940,2.468,0.1947
941,2.024,0.0626
942,1.544,0.0655
943,3.108,0.1077
944,1.14,0.183
945,1.183,0.0939
947,2.127,0.0602
948,1.413,0.1296
949,1.913,0.0339
950,0.148,0.0019
951,2.124,0.1645
952,1.371,0.1676
953,0.296,0.0069
954,2.489,0.1443
955,1.588,0.0734
956,1.107,0.0647
957,2.144,0.0925
958,2.264,0.0572
959,1.921,0.0965
960,1.599,0.1678
961,1.496,0.0743
962,2.255,0.1081
963,1.189,0.0917
964,1.209,0.0699
965,1.0,0.1927
966,1.766,0.0992
967,1.636,0.0701
968,0.366,0.0095
969,0.69,0.0249
970,0.324,0.0073
971,1.261,0.1308
972,0.624,0.0612
973,1.205,0.0951
975,2.086,0.1173
976,2.51,0.1079
977,0.453,0.0663
978,1.762,0.1029
979,1.094,0.1961
980,0.644,0.0317
981,2.175,0.1199
982,1.03,0.1161
983,2.607,0.1206
984,1.935,0.057
985,0.54,0.0157
986,2.259,0.1098
987,0.366,0.0095
988,0.645,0.1172
989,1.332,0.1068
990,2.321,0.1184
991,1.816,0.0997
992,1.617,0.0978
993,0.377,0.0081
994,1.202,0.0951
995,0.877,0.0221
996,1.787,0.0419
997,1.597,0.1123
998,2.705,0.107
999,2.397,0.14
1000,0.364,0.0136
1002,3.054,0.1355
1003,0.932,0.0225
1004,1.181,0.07
1005,2.019,0.0806
1006,2.934,0.1039
1007,1.964,0.0701
1008,0.27,0.0102
1009,1.904,0.032
1010,1.705,0.0831
1011,0.965,0.0436
1012,2.897,0.1362
1013,2.701,0.0994
1014,0.92,0.0198
1015,2.254,0.1099
1016,1.113,0.1485
1017,2.403,0.1304
1018,1.124,0.1275
1019,0.332,0.0054
1021,0.052,0.0002
1022,1.894,0.036
1023,0.917,0.0597
1024,2.205,0.0994
1025,1.938,0.1075
1026,2.052,0.0494
1027,1.447,0.111
1028,1.735,0.0388
1029,2.769,0.1223
1030,1.682,0.1563
1031,1.013,0.0226
1032,0.214,0.0038
1033,1.377,0.1188
1034,1.689,0.0152
1035,2.28,0.1707
1036,0.324,0.0692
1037,0.951,0.0767
1038,0.236,0.0044
1039,2.19,0.0622
1040,2.376,0.1228
1041,2.497,0.1045
1042,1.158,0.1557
1043,0.3,0.0578
1044,3.23,0.1322
1046,1.045,0.0498
1048,0.662,0.0247
1049,1.569,0.1533
1050,2.835,0.126
1051,1.404,0.0938
1052,2.383,0.1285
1053,1.102,0.0642
1054,2.665,0.1081
1055,1.629,0.0686
1056,1.934,0.1775
1057,1.615,0.1633
1058,0.189,0.015
1059,0.928,0.0835
1060,1.826,0.0679
1061,1.738,0.0555
1062,0.795,0.0191
1063,1.149,0.0578
1064,1.622,0.0626
1065,0.149,0.0014
1066,0.219,0.0029
1067,1.752,0.0985
1068,2.336,0.1739
1069,3.094,0.1294
1070,0.933,0.052
1071,2.543,0.0942
1072,2.269,0.0307
1073,1.33,0.0644
1074,1.312,0.1239
1075,0.582,0.0237
1076,1.884,0.0349
1077,2.182,0.068
1078,6.479,0.12
1079,1.92,0.132
1080,3.208,0.0928
1081,1.472,0.0543
1082,1.664,0.0409
1083,1.806,0.1024
1084,1.546,0.0666
1085,0.896,0.0585
1086,2.241,0.1171
1087,0.368,0.0092
1088,1.716,0.0897
1089,1.8,0.1703
1090,2.263,0.1074
1091,1.677,0.0357
1093,2.487,0.0992
1094,2.264,0.0737
1095,2.026,0.1671
1096,1.133,0.0769
1097,0.316,0.0141
1098,0.318,0.005
1099,2.54,0.1192
1100,2.227,0.0996
1101,1.48,0.1329
1102,0.289,0.0107
1103,1.346,0.0759
1104,1.874,0.065
1105,1.532,0.054
1106,1.217,0.0574
1107,1.833,0.0492
1108,1.873,0.0446
1109,1.91,0.2212
1110,1.065,0.0828
1111,2.359,0.0863
1112,2.573,0.116
1113,2.29,0.1205
1114,2.899,0.077
1115,2.492,0.1183
1116,0.62,0.0227
1117,1.192,0.0611
1118,0.433,0.0312
1119,0.329,0.0146
1120,2.227,0.1664
1121,0.344,0.0088
1122,0.325,0.0078
1123,0.73,0.0167
1124,1.741,0.1245
1125,2.256,0.0541
1126,0.336,0.0065
1127,2.248,0.0444
1128,0.572,0.0113
1129,3.157,0.1374
1130,2.161,0.0927
1131,1.865,0.0314
1132,0.583,0.0114
1133,0.337,0.0186
1134,0.845,0.218
1135,3.06,0.1369
1136,1.902,0.0453
1137,2.006,0.1287
1138,2.005,0.1132
1140,1.418,0.1241
1141,1.925,0.1039
1142,1.331,0.0728
1143,1.178,0.1136
1144,4.212,0.1049
1145,1.935,0.057
1146,1.871,0.0668
1147,1.765,0.0864
1148,1.196,0.0564
1149,1.663,0.0434
1150,2.183,0.1261
1151,2.199,0.0807
1152,1.479,0.0764
1153,0.301,0.0054
1154,2.22,0.1055
1155,1.57,0.0908
1156,2.078,0.123
1157,1.519,0.0768
1158,1.689,0.0741
1159,1.228,0.0953
1160,0.614,0.0931
1161,1.054,0.0513
1162,2.055,0.1581
1163,2.129,0.2276
1164,1.961,0.0719
1165,2.842,0.084
1166,1.44,0.0671
1167,0.266,0.0482
1168,2.076,0.0861
1169,1.599,0.1216
1170,2.4,0.1272
1171,0.932,0.0297
1172,1.185,0.0617
1173,0.611,0.0419
1174,0.26,0.004
1175,2.702,0.0838
1176,1.119,0.1553
1177,3.011,0.1007
1178,0.11,0.0011
1179,1.755,0.1085
1180,2.054,0.1641
1181,0.381,0.0059
1182,0.26,0.004
1183,1.217,0.1453
1184,0.334,0.008
1185,0.925,0.0244
1186,2.989,0.1197
1187,0.998,0.0489
1188,1.735,0.0648
1189,2.408,0.181
1190,2.034,0.0971
1191,1.157,0.1617
1192,1.031,0.0558
1193,1.693,0.1684
1194,1.968,0.0678
1195,1.754,0.0725
1196,2.869,0.1185
1197,2.422,0.1286
1198,1.049,0.1275
1199,1.984,0.065
1200,0.741,0.0293
1202,2.05,0.1071
1203,1.282,0.0706
1204,2.174,0.1071
1205,1.248,0.167
1207,1.162,0.103
1208,1.692,0.163
1209,2.064,0.2139
1210,1.88,0.0443
1211,0.317,0.0063
1212,1.722,0.0972
1213,2.796,0.103
1214,1.174,0.0275
1215,2.012,0.2209
1216,1.393,0.0527
1218,1.302,0.0653
1219,2.48,0.0701
1220,2.374,0.1179
1221,1.741,0.1426
1222,0.215,0.0038
1223,1.716,0.0897
1224,1.818,0.0639
1226,2.715,0.0971
1227,1.682,0.1563
1228,1.501,0.1445
1229,0.831,0.123
1230,0.945,0.0254
1231,1.411,0.0664
1232,2.252,0.1075
1233,1.646,0.1616
1234,0.758,0.0328
1235,1.909,0.0531
1236,0.139,0.0016
1237,2.101,0.0353
1238,3.813,0.0898
1239,1.011,0.0577
1240,1.874,0.0654
1241,1.221,0.1577
1242,0.309,0.0126
1243,1.098,0.0499
1244,1.418,0.1241
1245,1.887,0.033
1246,2.299,0.0957
1247,0.537,0.016
1248,2.189,0.1216
1249,0.6,0.0188
1250,2.253,0.1141
1251,2.43,0.0624
1252,2.319,0.0638
1253,0.123,0.0013
1254,1.968,0.0678
1255,1.726,0.0801
1256,1.453,0.0503
1257,2.385,0.1197
1258,2.338,0.115
1259,1.473,0.0773
1260,6.162,0.2298
1261,2.053,0.0711
1262,0.508,0.0742
1263,1.927,0.0868
1264,2.041,0.066
1265,7.775,0.1047
1266,1.244,0.0727
1267,2.716,0.112
1268,2.393,0.1215
1269,1.717,0.0479
1271,1.799,0.1549
1272,2.027,0.0488
1273,0.443,0.0152
1274,2.254,0.1099
1275,1.34,0.0682
1276,2.457,0.1
1277,1.674,0.0426
1278,0.994,0.0813
1279,0.174,0.0027
1280,0.129,0.0015
1281,2.047,0.0497
1282,0.732,0.1842
1283,2.771,0.1313
1284,1.93,0.0994
1285,1.54,0.0745
1286,2.433,0.1552
1287,1.312,0.069
1288,2.964,0.1349
1289,0.295,0.0047
1290,0.945,0.0246
1291,1.468,0.1208
1292,1.469,0.0698
1293,2.36,0.1675
1294,1.999,0.1402
1295,1.815,0.045
1296,1.842,0.0646
1297,1.846,0.0964
1298,0.123,0.0013
1299,1.557,0.0666
1300,2.261,0.1074
1301,0.994,0.0813
1302,0.657,0.1934
1303,1.247,0.1576
1304,2.269,0.1044
1305,0.63,0.014
1306,0.619,0.0194
1307,1.891,0.0486
1308,1.511,0.0641
1309,2.423,0.1381
1310,0.332,0.0055
1311,2.21,0.1186
1312,0.334,0.0059
1313,3.028,0.0981
1314,1.716,0.1464
1316,3.09,0.0982
1317,1.913,0.1138
1318,0.458,0.0123
1319,1.856,0.1293
1320,1.726,0.1154
1321,1.886,0.0794
1322,2.223,0.1088
1324,1.739,0.0775
1325,2.251,0.1616
1326,1.778,0.1154
1327,1.104,0.0532
1328,0.891,0.0396
1329,2.744,0.0971
1330,1.169,0.0719
1331,1.962,0.1026
1332,1.319,0.0748
1333,2.162,0.1215
1335,1.814,0.0869
1336,1.391,0.1078
1337,2.281,0.1116
1338,2.245,0.1065
1339,1.656,0.1232
1340,1.665,0.0746
1341,1.564,0.056
1342,2.056,0.0604
1343,1.253,0.0585
1344,1.914,0.1134
1345,2.043,0.0833
1346,2.315,0.1186
1348,0.967,0.0684
1349,2.875,0.0953
1350,1.509,0.1088
1352,1.577,0.0455
1353,1.32,0.0982
1354,2.388,0.1266
1355,2.694,0.1086
1356,1.892,0.1464
1357,1.325,0.1099
1358,1.263,0.0542
1359,0.839,0.0251
1360,2.025,0.0962
1361,1.68,0.0697
1362,0.699,0.1642
1363,1.842,0.0576
1365,1.101,0.0723
1366,1.176,0.1204
1367,1.265,0.061
1368,1.053,0.1766
1370,1.076,0.0465
1372,1.895,0.0377
1373,2.029,0.1846
1374,2.214,0.1278
1375,2.09,0.1173
1376,2.311,0.1326
1377,2.34,0.1192
1378,1.805,0.0453
1379,0.892,0.0383
1380,2.122,0.0895
1381,2.271,0.0662
1382,2.684,0.1366
1383,2.273,0.0778
1384,1.775,0.1105
1385,1.227,0.1153
1386,1.107,0.1625
1387,2.29,0.1244
1388,1.864,0.0938
1389,1.345,0.1852
1390,1.076,0.0503
1391,1.851,0.0604
1392,2.551,0.1235
1393,0.943,0.048
1394,1.947,0.1016
1395,1.518,0.1075
1396,2.313,0.0931
1397,1.845,0.0657
1398,1.635,0.1009
1399,1.352,0.0832
1400,2.492,0.1461
1401,1.384,0.0544
1404,0.289,0.0046
1405,2.379,0.2073
1406,2.334,0.121
1407,1.578,0.0727
1408,2.327,0.0885
1409,0.712,0.051
1410,2.742,0.1048
1411,2.377,0.1168
1412,0.04,0.0001
1413,1.852,0.0783
1414,2.245,0.0834
1415,2.073,0.0535
1416,2.488,0.1462
1417,0.342,0.0143
1418,0.214,0.0038
1419,0.722,0.0556
1420,1.768,0.1663
1421,1.474,0.0552
1423,1.27,0.1276
1424,0.246,0.0046
1425,0.29,0.0064
1426,1.954,0.1054
1427,1.005,0.076
1428,1.821,0.0596
1429,2.298,0.1103
1430,1.734,0.0686
1431,1.575,0.1736
1432,1.254,0.0757
1433,1.461,0.0507
1434,1.55,0.0537
1435,1.471,0.0418
1436,1.437,0.085
1437,1.063,0.0412
1438,0.085,0.0007
1439,2.911,0.1147
1441,1.991,0.0483
1442,2.295,0.1141
1443,0.103,0.0068
1444,0.34,0.0053
1445,2.827,0.1331
1446,0.994,0.0729
1447,1.39,0.0667
1448,1.513,0.1193
1449,4.695,0.1343
1450,2.489,0.1464
1451,1.404,0.0938
1452,1.244,0.066
1453,1.263,0.0427
1454,2.112,0.0887
1456,1.51,0.0637
1457,0.904,0.0415
1458,2.463,0.1253
1459,1.875,0.1129
1460,3.0,0.0975
1461,2.357,0.1703
1462,3.107,0.1342
1463,1.169,0.0539
1464,0.084,0.0007
1465,2.083,0.1682
1467,0.359,0.0076
1469,1.751,0.0693
1470,0.985,0.0734
1471,1.591,0.114
1472,1.981,0.1244
1473,1.922,0.0837
1474,1.32,0.0984
1475,1.53,0.0941
1476,1.513,0.0924
1477,2.62,0.1199
1478,1.645,0.0962
1479,2.423,0.1442
1480,2.323,0.1433
1481,2.674,0.1187
1482,1.039,0.1086
1483,0.458,0.0118
1484,0.252,0.0039
1485,0.981,0.0472
1486,0.948,0.0792
1487,2.073,0.0535
1488,1.131,0.1643
1489,1.9,0.0352
1490,2.023,0.1882
1491,1.36,0.0422
1492,1.634,0.1631
1493,2.401,0.1572
1494,2.103,0.1377
1495,2.633,0.079
1496,1.971,0.1277
1497,0.566,0.0108
1498,1.308,0.2024
1499,1.688,0.05
1500,2.146,0.15
1501,2.771,0.1313
1502,1.73,0.0493
1503,1.926,0.1433
1504,1.517,0.0526
1505,0.968,0.0363
1506,1.837,0.0645
1507,1.363,0.0507
1508,1.455,0.063
1509,1.693,0.0307
1510,0.374,0.0114
1511,2.171,0.1601
1512,2.342,0.1089
1513,1.322,0.0704
1514,2.256,0.0717
1515,2.282,0.1231
1516,1.51,0.0805
1517,0.884,0.0332
1519,2.516,0.1257
1520,1.148,0.0314
1521,1.664,0.0992
1522,2.423,0.1189
1523,1.693,0.0363
1524,1.875,0.0494
1525,1.794,0.0609
1526,0.855,0.0403
1527,0.319,0.0051
1528,0.91,0.0574
1529,2.113,0.0794
1530,2.073,0.0831
1531,1.259,0.046
1532,2.88,0.0932
1534,0.361,0.0092
1535,1.69,0.0663
1536,2.137,0.0728
1537,2.531,0.1556
1538,1.44,0.1727
1539,5.213,0.0651
1540,1.253,0.0637
1541,2.538,0.1086
1542,0.971,0.0715
1543,0.587,0.0197
1544,1.946,0.0324
1545,1.752,0.0843
1546,1.817,0.1731
1547,1.715,0.1423
1548,6.774,0.1268
1549,1.634,0.1631
1550,3.131,0.0868
1551,2.297,0.1152
1552,2.292,0.1182
1553,1.788,0.169
1554,1.036,0.0237
1558,2.236,0.1226
1559,1.656,0.0359
1560,1.411,0.1507
1561,1.731,0.0967
1562,2.002,0.2167
1563,1.953,0.0291
1564,1.428,0.1299
1565,1.95,0.0938
1566,2.473,0.1268
1567,2.485,0.0934
1568,2.31,0.1175
1569,2.492,0.1183
1570,2.292,0.1237
1571,1.639,0.1012
1572,3.249,0.3098
1573,2.312,0.1134
1574,2.532,0.1476
1575,1.995,0.0981
1576,0.844,0.0372
1577,1.511,0.0814
1579,1.512,0.0504
1580,1.191,0.056
1581,0.355,0.0059
1582,0.983,0.0906
1583,2.299,0.119
1585,3.083,0.1049
1586,1.192,0.1982
1587,1.199,0.157
1588,1.591,0.2066
1589,1.575,0.1736
1590,1.703,0.0359
1591,2.297,0.1264
1592,0.829,0.033
1593,2.19,0.0705
1594,1.197,0.0666
1595,1.651,0.1022
1596,2.424,0.1174
1597,1.315,0.0624
1598,1.762,0.0543
1599,1.777,0.0711
1600,1.142,0.0309
1601,1.474,0.0552
1602,0.973,0.071
1603,0.196,0.0027
1604,3.017,0.134
1605,3.056,0.1351
1606,2.57,0.145
1607,2.337,0.2214
1608,0.797,0.0322
1609,1.783,0.1346
1610,1.988,0.0558
1611,2.956,0.0967
1612,0.923,0.0631
1613,2.087,0.1347
1614,3.085,0.142
1615,2.522,0.1158
1616,2.044,0.0638
1617,1.378,0.1419
1618,1.204,0.0631
1619,0.266,0.0056
1621,2.959,0.1013
1622,1.956,0.1026
1623,1.261,0.0652
1624,0.201,0.0023
1625,1.664,0.0511
1628,0.149,0.0014
1629,2.118,0.1278
1630,2.445,0.1168
1631,2.398,0.1114
1632,2.573,0.1402
1633,1.601,0.0792
1634,2.395,0.0537
1635,1.687,0.0717
1637,1.442,0.0743
1638,1.445,0.0308
1639,2.467,0.1167
1640,1.916,0.0946
1641,0.803,0.215
1643,1.492,0.0771
1644,2.387,0.06
1645,2.038,0.1194
1646,2.59,0.0803
1647,1.552,0.0712
1648,2.367,0.1203
1649,0.312,0.0076
1650,1.008,0.05
1651,1.928,0.0543
1652,1.291,0.129
1653,2.729,0.0933
1654,1.23,0.0596
1655,1.687,0.0349
1657,2.049,0.0847
1658,1.347,0.067
1659,1.554,0.0905
1660,1.562,0.1398
1661,1.231,0.0478
1662,1.05,0.05
1663,0.73,0.0167
1664,2.574,0.1104
1665,1.879,0.0573
1666,2.471,0.0905
1667,5.213,0.1395
1669,1.733,0.0131
1670,2.6,0.1274
1671,2.054,0.1641
1672,1.463,0.0735
1674,2.02,0.134
1675,1.291,0.129
1676,1.871,0.0328
1677,2.115,0.0599
1678,0.345,0.0064
1679,2.241,0.1722
1680,1.292,0.0931
1681,1.126,0.1152
1682,2.003,0.1123
1683,0.782,0.1889
1684,0.143,0.0018
1685,1.713,0.0661
1686,1.462,0.1462
1687,1.057,0.05
1688,1.261,0.1614
1690,1.626,0.1346
1691,2.613,0.1439
1693,2.381,0.1201
1694,0.94,0.076
1695,1.773,0.1405
1696,2.285,0.1254
1697,1.014,0.0721
1698,2.127,0.1632
1699,2.345,0.1264
1700,0.36,0.0723
1702,1.105,0.157
1703,1.297,0.0989
1704,2.413,0.0929
1705,2.184,0.1654
1706,2.104,0.1407
1707,2.652,0.1471
1708,1.629,0.0527
1709,0.219,0.0023
1710,0.074,0.0005
1712,1.82,0.0646
1713,0.144,0.0106
1714,0.948,0.1256
1715,1.723,0.0672
1716,0.301,0.0058
1717,0.327,0.0079
1718,2.245,0.1057
1719,1.615,0.0421
1720,1.88,0.1043
1721,2.641,0.1098
1722,2.176,0.1184
1723,1.995,0.2003
1724,2.336,0.1653
1725,1.08,0.0469
1726,0.998,0.0489
1727,1.874,0.0485
1728,0.938,0.0618
1729,0.283,0.0038
1730,0.235,0.0045
1731,2.452,0.1229
1732,0.925,0.0446
1733,1.006,0.2145
1734,2.998,0.1173
1735,0.06,0.0003
1736,0.629,0.0132
1737,1.411,0.0756
1738,0.486,0.1249
1739,1.923,0.1091
1740,2.355,0.1126
1741,2.323,0.1451
1742,1.718,0.1087
1743,1.123,0.0462
1744,2.205,0.1612
1745,1.934,0.0638
1746,1.36,0.1013
1747,7.184,0.2331
1748,1.752,0.1351
1749,1.061,0.1512
1750,1.917,0.0383
1751,1.615,0.0854
1752,0.795,0.019
1753,0.315,0.0053
1754,1.949,0.0981
1755,1.93,0.102
1756,2.444,0.1334
1757,0.342,0.0113
1758,1.74,0.035
1759,1.411,0.0664
1760,1.181,0.0608
1761,0.044,0.0002
1762,1.784,0.0602
1763,1.576,0.1827
1764,1.12,0.142
1765,1.214,0.0617
1766,1.507,0.1095
1767,2.455,0.1533
1768,1.738,0.0555
1769,1.225,0.0938
1770,2.581,0.1033
1771,0.994,0.0741
1772,2.209,0.1208
1773,0.891,0.0396
1774,1.275,0.0379
1775,2.152,0.1146
1776,2.478,0.1552
1777,1.909,0.0976
1778,1.883,0.0897
1779,1.984,0.1166
1780,1.445,0.1134
1781,0.674,0.0262
1782,0.108,0.0007
1783,1.874,0.0332
1785,1.2,0.0762
1786,1.255,0.0976
1787,1.561,0.0498
1788,1.701,0.0712
1789,1.0,0.1927
1790,1.86,0.0378
1791,2.585,0.1282
1792,0.77,0.0347
1793,1.883,0.0491
1794,0.868,0.0625
1795,1.062,0.0501
1796,4.263,0.1316
1797,0.443,0.1167
1798,1.403,0.103
1799,0.207,0.0038
1800,1.425,0.0288
1801,2.299,0.105
1802,1.941,0.1179
1803,1.06,0.0781
1804,1.419,0.0651
1805,1.947,0.094
1806,1.141,0.0675
1807,1.471,0.063
1808,1.014,0.0721
1809,1.262,0.0556
1810,0.758,0.0585
1811,0.981,0.0365
1812,1.413,0.0681
1813,1.177,0.0921
1814,1.78,0.0844
1815,4.695,0.1343
1816,1.302,0.0802
1817,1.77,0.1026
1818,0.932,0.0225
1819,1.503,0.0471
1820,0.876,0.0223
1821,1.268,0.0315
1823,0.282,0.0062
1824,0.089,0.0007
1825,2.049,0.0847
1826,1.914,0.0824
1827,2.511,0.1046
1828,1.312,0.1583
1829,1.321,0.0801
1830,1.033,0.0789
1831,0.721,0.0324
1832,1.188,0.0747
1833,1.455,0.063
1834,2.309,0.0924
1835,1.138,0.0704
1836,2.263,0.1083
1837,0.325,0.0667
1838,1.263,0.0542
1840,4.297,0.158
1841,1.786,0.0835
1842,1.901,0.0284
1844,0.193,0.0023
1845,1.008,0.0418
1846,1.263,0.1234
1847,0.187,0.025
1848,0.202,0.0029
1849,2.839,0.0852
1850,0.164,0.0024
1851,1.658,0.0455
1852,1.23,0.0697
1853,0.241,0.0034
1854,0.936,0.0243
1855,1.502,0.0609
1856,0.218,0.0039
1857,2.078,0.123
1858,2.173,0.1028
1859,1.117,0.038
1860,3.01,0.1294
1861,1.921,0.0965
1862,2.306,0.0848
1863,0.06,0.0003
1864,0.767,0.0182
1865,0.604,0.0189
1866,0.583,0.0114
1867,1.462,0.1462
1868,1.541,0.0574
1869,1.277,0.0957
1870,0.251,0.0052
1872,2.321,0.1184
1874,2.006,0.0948
1875,1.899,0.0754
1876,1.646,0.0756
1877,0.148,0.0019
1878,1.695,0.0373
1879,0.308,0.0063
1880,1.867,0.112
1881,0.116,0.0011
1882,0.267,0.0133
1883,2.138,0.153
1884,2.495,0.1197
1886,0.266,0.0056
1887,8.82,0.3868
1888,1.911,0.0905
1889,0.311,0.007
1890,1.779,0.0717
1891,2.292,0.1381
1892,0.35,0.0087
1893,0.347,0.0185
1895,1.002,0.0422
1896,0.914,0.0676
1897,1.75,0.1503
1898,1.57,0.0425
1899,1.876,0.0377
1901,0.207,0.0038
1902,1.966,0.1731
1903,2.775,0.0866
1904,2.347,0.1167
1905,0.455,0.0121
1906,6.997,0.1474
1907,1.82,0.1123
1908,1.741,0.0684
1909,1.02,0.1485
1911,0.183,0.0028
1912,2.261,0.1111
1913,2.118,0.1278
1914,2.547,0.1274
1917,2.299,0.1104
1918,1.664,0.0695
1919,0.888,0.0586
1920,1.688,0.05
1921,0.449,0.0124
1922,2.03,0.1248
1923,0.831,0.0372
1924,0.328,0.006
1925,2.428,0.1299
1926,1.87,0.068
1927,1.092,0.0816
1928,6.231,0.1814
1929,2.771,0.0987
1930,1.778,0.0961
1931,1.962,0.2209
1932,1.693,0.0659
1933,2.032,0.0568
1935,1.576,0.0741
1936,1.308,0.1842
1937,0.139,0.0014
1938,1.744,0.1098
1939,2.292,0.1101
1940,1.148,0.0765
1941,0.239,0.0041
1942,2.466,0.1522
1943,2.138,0.0914
1944,1.325,0.1211
1945,1.075,0.0817
1946,1.016,0.0752
1947,1.597,0.0869
1948,1.578,0.0423
1949,1.308,0.1
1950,0.755,0.0203
1951,2.355,0.1126
1952,2.576,0.1025
1953,1.223,0.0649
1954,2.724,0.1174
1955,0.341,0.0062
1956,2.78,0.081
1957,1.488,0.1616
1958,1.121,0.0678
1959,1.137,0.0479
1960,0.87,0.2178
1961,0.317,0.0051
1962,2.723,0.0949
1963,2.621,0.1353
1964,1.521,0.0756
1965,0.873,0.0221
1966,0.968,0.0363
1967,2.794,0.0619
1968,2.116,0.0678
1969,1.503,0.0471
1970,1.828,0.0362
1971,2.336,0.1653
1972,0.868,0.1504
1973,1.565,0.046
1974,0.339,0.0077
1975,4.169,0.0524
1977,1.276,0.0778
1978,1.858,0.1572
1979,2.337,0.1478
1980,0.611,0.0419
1981,1.874,0.2181
1982,0.881,0.0247
1983,1.535,0.0698
1984,2.237,0.0626
1985,0.366,0.0082
1986,1.461,0.1677
1988,2.079,0.0595
1989,0.538,0.1219
1990,0.905,0.2204
1991,0.296,0.0035
1992,1.025,0.0422
1995,1.319,0.0658
1996,4.964,0.074
1997,2.623,0.0824
1998,1.865,0.0633
1999,2.219,0.1259
2000,0.449,0.0124
2002,1.001,0.0753
2003,2.59,0.134
2004,2.548,0.1557
2005,1.031,0.0491
2006,2.138,0.1151
2007,1.259,0.0764
2008,1.291,0.129
2009,1.4,0.1144
2010,0.318,0.005
2011,1.926,0.1027
2012,1.983,0.1868
2013,1.568,0.0496
2014,1.066,0.0778
2015,1.871,0.0902
2016,1.155,0.0553
2017,3.208,0.0928
2018,1.946,0.0915
2019,1.686,0.0512
2020,1.099,0.0933
2021,3.061,0.104
2022,1.563,0.0461
2023,2.178,0.0385
2024,2.772,0.1175
2025,0.519,0.0175
2026,2.079,0.0778
2027,2.181,0.0608
2028,2.146,0.1858
2029,3.721,0.0883
2030,1.969,0.0485
2031,1.878,0.07
2032,0.321,0.0054
2034,0.273,0.0038
2035,1.801,0.0367
2036,1.167,0.1173
2037,1.928,0.0868
2038,1.308,0.0682
2039,1.292,0.1543
2040,1.192,0.0352
2041,0.123,0.0014
2043,0.776,0.2145
2044,2.486,0.0205
2046,2.689,0.1443
2047,1.984,0.1166
2048,1.864,0.0938
2049,1.489,0.0715
2050,1.599,0.1137
2051,1.614,0.0886
2052,2.403,0.1205
2053,5.261,0.1261
2054,0.32,0.0066
2055,3.32,0.0178
2056,2.645,0.1333
2057,0.924,0.0701
2059,0.48,0.1155
2061,0.616,0.0193
2062,2.181,0.0608
2063,0.209,0.0027
2064,0.923,0.0631
2065,1.33,0.0443
2066,1.046,0.119
2067,0.779,0.0278
2068,1.76,0.0936
2069,2.03,0.1248
2070,0.108,0.0007
2071,2.465,0.0948
2072,1.86,0.0503
2073,1.55,0.0537
2074,1.098,0.1689
2075,0.598,0.0258
2076,1.291,0.0628
2077,0.839,0.0251
2078,8.547,0.1001
2079,1.549,0.1283
2080,1.211,0.0608
2081,2.764,0.068
2082,2.22,0.0565
2083,1.632,0.0378
2084,1.901,0.0925
2086,0.101,0.0006
2087,2.472,0.1204
2088,0.642,0.0255
2089,1.306,0.1245
2090,1.543,0.0766
2091,0.359,0.0822
2092,0.846,0.1199
2093,1.155,0.0825
2094,2.011,0.0897
2095,1.413,0.1296
2096,1.539,0.0453
2097,1.838,0.0355
2098,2.065,0.054
2099,2.457,0.1
2100,0.971,0.0715
2101,0.972,0.0399
2102,2.374,0.2217
2103,1.143,0.0516
2104,2.543,0.1154
2105,1.91,0.1102
2106,1.225,0.064
2107,2.422,0.1587
2108,0.405,0.0071
2109,1.492,0.1291
2110,2.548,0.1684
2111,2.357,0.1181
2112,0.359,0.009
2113,2.064,0.0688
2115,1.934,0.0728
2116,1.461,0.1205
2118,1.275,0.0626
2119,0.966,0.0449
2120,0.712,0.051
2122,2.763,0.1315
2123,2.036,0.0674
2124,1.28,0.0649
2125,2.08,0.1143
2126,1.704,0.0768
2127,2.426,0.1196
2128,1.541,0.0574
2129,2.297,0.1117
2131,1.777,0.0721
2132,1.752,0.0985
2133,2.565,0.1432
2134,1.66,0.0385
2135,1.679,0.0972
2136,1.465,0.0813
2137,1.44,0.0534
2138,0.867,0.0218
2139,1.173,0.0562
2140,1.065,0.08
2143,2.281,0.1233
2144,0.33,0.0063
2145,1.967,0.1234
2146,2.887,0.1221
2147,8.77,0.121
2148,0.709,0.0241
2149,0.259,0.0041
2150,1.942,0.0947
2151,0.506,0.0147
2152,1.572,0.0834
2153,1.274,0.0621
2154,2.378,0.1263
2155,1.841,0.107
2156,0.342,0.0143
2157,2.139,0.1006
2158,1.536,0.0729
2159,0.942,0.0258
2160,1.832,0.0645
2161,0.889,0.1912
2162,2.887,0.1281
2163,1.673,0.0358
2165,2.072,0.109
2166,1.764,0.0956
2167,1.641,0.0702
2168,1.753,0.185
2169,1.054,0.0638
2170,2.614,0.1069
2171,1.564,0.0687
2172,2.98,0.0984
2173,2.468,0.135
2174,1.517,0.0838
2175,1.966,0.1217
2176,1.875,0.0878
2177,1.36,0.1423
2178,1.79,0.1098
2179,2.29,0.1098
2180,1.054,0.0289
2181,2.452,0.1035
2182,1.208,0.0397
2183,0.174,0.0027
2184,2.098,0.1391
2185,1.72,0.0641
2186,1.808,0.0359
2187,2.514,0.162
2188,1.324,0.0652
2189,5.914,0.0562
2191,2.715,0.0971
2192,1.571,0.0778
2193,1.842,0.0763
2194,0.701,0.0276
2195,1.929,0.1013
2196,1.685,0.1148
2197,1.664,0.0992
2198,3.048,0.1429
2199,0.931,0.0464
2200,2.399,0.1644
2201,3.296,0.0992
2202,2.277,0.1533
2203,0.358,0.0076
2204,2.319,0.12
2206,1.826,0.0749
2208,1.346,0.0595
2209,2.499,0.1431
2210,1.148,0.2034
2211,1.992,0.113
2212,1.696,0.0684
2214,0.906,0.0625
2215,1.4,0.1144
2216,0.35,0.0066
2217,1.868,0.0447
2220,2.813,0.0889
2221,0.156,0.0015
2222,0.839,0.0388
2223,1.342,0.0677
2224,1.867,0.0506
2225,0.901,0.0219
2226,1.207,0.056
2227,1.552,0.0895
2228,1.172,0.1285
2229,2.656,0.1034
2231,2.842,0.084
2233,2.845,0.1185
2234,0.276,0.0057
2235,0.908,0.0639
2236,2.012,0.2209
2237,2.354,0.118
2238,2.372,0.1053
2239,1.555,0.0688
2240,2.448,0.1261
2241,1.119,0.0543
2242,2.338,0.1225
2243,0.459,0.09
2244,0.411,0.0102
2245,2.112,0.1207
2246,4.295,0.0574
2247,2.254,0.1598
2248,0.944,0.0609
2249,1.111,0.0767
2250,1.452,0.0626
2251,1.124,0.1617
2252,2.255,0.1073
2253,1.572,0.0823
2254,2.337,0.15
2255,1.497,0.0683
2256,0.267,0.0133
2258,1.911,0.0905
2259,2.321,0.1361
2260,0.823,0.031
2261,1.753,0.1123
2262,1.147,0.0869
2263,1.222,0.0693
2264,1.736,0.0559
2265,2.232,0.1103
2266,2.452,0.1055
2267,1.663,0.178
2268,1.838,0.0639
2269,2.374,0.1179
2270,0.596,0.0988
2273,0.246,0.0039
2274,2.966,0.0772
2276,1.738,0.0555
2277,2.321,0.1192
2278,2.522,0.1158
2279,0.345,0.0064
2280,1.075,0.0817
2281,1.905,0.0332
2282,1.185,0.0617
2284,2.524,0.133
2285,1.941,0.108
2286,1.219,0.0345
2287,1.525,0.1684
2288,1.663,0.0644
2289,2.242,0.1041
2291,0.174,0.0027
2292,1.07,0.0501
2293,0.395,0.0105
2294,1.69,0.0428
2295,0.67,0.0216
2296,1.784,0.0494
2298,1.047,0.0638
2299,1.362,0.072
2300,1.858,0.0565
2301,1.658,0.0888
2302,2.325,0.1141
2303,2.221,0.1088
2304,2.362,0.1213
2305,0.343,0.0125
2306,0.637,0.0202
2307,1.559,0.0703
2308,0.815,0.178
2309,0.994,0.0779
2310,1.88,0.0363
2312,2.602,0.1334
2313,2.663,0.0867
2314,2.276,0.1107
2315,0.399,0.01
2316,1.919,0.0684
2317,1.812,0.1823
2318,1.535,0.0698
2319,6.479,0.12
2320,1.226,0.0306
2321,0.304,0.007
2322,2.31,0.1147
2323,1.929,0.1021
2324,2.362,0.1034
2325,2.36,0.1162
2326,1.211,0.1543
2327,1.07,0.1488
2329,2.397,0.1265
2330,0.974,0.0688
2331,1.286,0.1535
2332,0.932,0.0198
2333,2.179,0.112
2334,1.779,0.0606
2335,1.734,0.056
2336,0.971,0.0511
2337,2.4,0.1138
2338,1.251,0.0921
2339,1.945,0.1123
2340,2.853,0.0881
2341,1.291,0.0628
2343,2.352,0.1698
2344,0.947,0.0714
2345,1.369,0.0443
2346,1.05,0.0988
2347,0.307,0.0047
2348,2.566,0.1474
2349,0.559,0.0129
2350,1.757,0.161
2351,1.744,0.1098
2352,1.817,0.0488
2353,1.73,0.0694
2354,1.035,0.0249
2355,2.313,0.0683
2356,3.089,0.1329
2357,1.972,0.0841
2358,1.836,0.0375
2359,1.17,0.0617
2360,2.369,0.1187
2361,2.008,0.1603
2363,2.452,0.0532
2364,1.076,0.0267
2365,1.926,0.0725
2366,1.571,0.0778
2367,1.577,0.0668
2368,1.729,0.1029
2369,0.252,0.004
2370,0.268,0.0043
2372,2.384,0.1216
2373,2.438,0.1289
2374,1.28,0.101
2375,2.278,0.107
2376,1.21,0.0366
2377,0.229,0.0301
2378,2.552,0.0329
2379,0.369,0.0057
2380,1.615,0.0801
2382,0.399,0.0069
2383,0.532,0.0145
2384,0.37,0.0065
2385,1.774,0.0459
2386,2.023,0.0503
2387,1.519,0.1796
2388,2.584,0.0728
2389,2.314,0.1368
2390,2.313,0.0931
2391,2.12,0.0749
2392,1.729,0.156
2393,1.93,0.102
2394,0.961,0.0348
2395,2.775,0.112
2396,0.217,0.0042
2397,1.026,0.077
2398,0.227,0.0231
2399,2.021,0.0511
2400,1.092,0.0517
2401,1.736,0.1065
2402,2.706,0.1262
2403,1.957,0.1055
2405,1.443,0.1588
2406,1.229,0.158
2407,1.597,0.067
2408,1.225,0.064
2409,0.906,0.0625
2410,0.862,0.0713
2411,2.131,0.2051
2412,1.638,0.198
2413,0.213,0.003
2414,1.328,0.1069
2415,1.704,0.0661
2416,1.69,0.0663
2417,6.536,0.3046
2418,0.831,0.123
2419,2.563,0.1055
2420,2.925,0.1105
2421,0.515,0.0142
2422,0.342,0.0113
2423,1.394,0.0489
2424,0.261,0.0054
2425,1.198,0.1407
2426,0.925,0.0446
2427,0.743,0.1007
2428,1.192,0.1955
2430,1.91,0.2212
2431,0.814,0.0329
2432,1.964,0.1053
2433,1.676,0.068
2434,0.301,0.0111
2435,1.486,0.0638
2436,0.246,0.0039
2437,1.036,0.0227
2438,1.743,0.1076
2439,2.813,0.0992
2440,0.572,0.0141
2442,1.082,0.0523
2443,2.238,0.092
2444,2.012,0.0979
2445,1.843,0.1627
2446,2.342,0.1228
2447,1.832,0.0645
2448,1.73,0.0706
2449,0.046,0.0002
2450,1.391,0.1298
2451,1.297,0.1472
2452,2.232,0.1103
2453,1.467,0.0763
2454,0.704,0.1586
2455,2.316,0.1323
2456,1.732,0.0958
2457,1.679,0.0678
2458,1.102,0.0675
2459,0.906,0.1071
2460,0.271,0.0045
2461,0.378,0.0097
2462,2.548,0.0312
2464,0.836,0.041
2465,1.473,0.0634
2467,0.75,0.2128
2468,2.963,0.1281
2469,0.322,0.0051
2470,2.311,0.1739
2471,1.493,0.0834
2472,0.171,0.0022
2473,1.003,0.0639
2474,2.012,0.0979
2475,2.402,0.0666
2476,2.183,0.0764
2477,2.022,0.0768
2478,0.056,0.0003
2479,1.871,0.037
2480,1.246,0.03
2481,0.221,0.0278
2482,2.117,0.1289
2483,1.553,0.0873
2484,0.374,0.0097
2485,0.76,0.1181
2486,1.411,0.0621
2487,0.818,0.0349
2488,2.374,0.0361
2489,1.291,0.0639
2490,1.664,0.098
2491,1.919,0.0919
2492,2.114,0.0822
2493,3.22,0.0944
2494,4.46,0.0657
2495,1.783,0.0596
2496,1.543,0.0766
2497,3.026,0.1026
2498,2.25,0.1097
2499,3.03,0.0762
2500,0.594,0.1684
2501,2.071,0.1054
2502,1.468,0.1208
2503,6.077,0.1044
2504,1.867,0.0989
2505,0.32,0.0058
2506,1.321,0.0409
2507,2.507,0.0617
2508,2.361,0.1166
2509,1.84,0.09
2510,3.636,0.103
2512,0.339,0.0072
2513,2.286,0.1108
2514,2.49,0.1316
2515,1.29,0.0505
2516,1.895,0.0377
2517,2.478,0.1491
2518,1.34,0.0682
2519,1.288,0.0389
2520,0.466,0.0087
2521,1.087,0.0478
2522,2.358,0.2015
2523,2.006,0.0725
2524,1.116,0.0336
2525,1.003,0.1439
2526,1.696,0.0433
2527,2.544,0.1501
2529,0.563,0.0169
2530,2.241,0.1102
2531,2.621,0.1353
2532,0.589,0.0184
2533,1.14,0.0888
2534,2.747,0.1019
2535,1.198,0.1407
2536,1.34,0.0563
2537,2.089,0.1211
2538,1.296,0.0327
2539,2.08,0.06
2540,0.583,0.0117
2541,1.125,0.0777
2542,0.285,0.0115
2544,0.271,0.005
2545,1.362,0.072
2548,2.703,0.1283
2549,0.511,0.0914
2550,1.175,0.0479
2551,0.371,0.0092
2552,1.328,0.0986
2554,1.904,0.0928
2555,1.61,0.1669
2556,3.156,0.1197
2557,1.096,0.0459
2558,0.998,0.0489
2559,1.07,0.1354
2560,1.935,0.0735
2561,0.814,0.0319
2562,1.345,0.0987
2563,1.693,0.1684
2564,1.121,0.0596
2565,2.081,0.0502
2566,2.059,0.0996
2567,0.92,0.0198
2568,1.616,0.1767
2569,2.398,0.1074
2571,1.445,0.1666
2572,2.6,0.138
2573,1.737,0.0358
2574,2.019,0.1726
2575,2.237,0.1107
2576,2.256,0.0478
2577,0.202,0.0032
2578,0.934,0.0619
2579,1.275,0.1024
2580,2.31,0.1147
2581,0.359,0.0076
2584,2.192,0.0891
2585,2.093,0.0677
2586,1.546,0.0744
2587,1.736,0.0559
2588,1.281,0.0621
2590,2.042,0.1709
2592,1.546,0.0751
2593,0.387,0.0088
2594,1.752,0.0843
2595,2.297,0.1753
2596,2.901,0.0347
2597,2.667,0.1345
2598,7.13,0.1298
2599,2.5,0.1485
2600,1.227,0.1153
2601,2.235,0.1815
2602,1.994,0.067
2603,1.551,0.0653
2604,1.78,0.0591
2605,0.221,0.0278
2606,1.629,0.0686
2607,0.239,0.0031
2608,0.886,0.0382
2609,2.59,0.0803
2610,1.369,0.0443
2612,1.427,0.1223
2613,1.272,0.0587
2614,0.196,0.026
2615,2.379,0.1237
2616,1.728,0.1062
2618,2.023,0.097
2619,0.891,0.0396
2620,0.865,0.0218
2621,2.223,0.119
2622,1.878,0.07
2623,2.467,0.1167
2624,0.737,0.0461
2625,2.424,0.1132
2627,0.23,0.0043
2628,0.749,0.0271
2629,0.333,0.0147
2630,2.339,0.0909
2631,1.775,0.1105
2632,1.19,0.0905
2633,1.052,0.0697
2634,1.168,0.0695
2635,1.365,0.067
2636,1.75,0.1503
2637,2.745,0.1275
2638,1.496,0.0743
2640,2.294,0.1522
2642,5.611,0.1418
2643,1.669,0.0434
2644,1.52,0.178
2645,3.19,0.1105
2646,2.277,0.1086
2647,2.661,0.0592
2648,1.534,0.0715
2649,1.729,0.0335
2650,1.776,0.0493
2651,2.202,0.1212
2652,1.991,0.0935
2653,3.048,0.1429
2654,1.235,0.1616
2655,1.774,0.003
2656,2.509,0.1051
2657,3.148,0.083
2658,2.439,0.0946
2659,2.232,0.1093
2660,0.06,0.0002
2661,2.201,0.0784
2662,0.174,0.0027
2663,2.764,0.068
2664,3.024,0.1337
2665,1.921,0.2149
2666,1.233,0.0639
2667,0.481,0.0122
2669,1.873,0.1075
2670,1.604,0.1005
2671,0.106,0.001
2672,43.545,0.174
2673,1.096,0.0305
2674,1.829,0.2169
2675,1.638,0.0939
2676,1.543,0.0547
2677,1.123,0.0471
2678,1.77,0.0974
2679,0.983,0.0906
2680,4.961,0.0867
2681,2.01,0.1047
2682,1.324,0.0682
2684,2.526,0.1488
2685,1.897,0.109
2686,0.296,0.0105
2687,0.949,0.1454
2688,3.173,0.1037
2690,1.07,0.0501
2691,2.757,0.0949
2692,0.311,0.0055
2693,2.399,0.1644
2694,4.965,0.2188
2695,2.034,0.1091
2696,2.274,0.1109
2697,0.434,0.0103
2698,1.908,0.0592
2701,1.079,0.0806
2702,0.863,0.0243
2704,1.76,0.0807
2705,2.289,0.0993
2706,1.375,0.1059
2707,1.48,0.1329
2708,1.89,0.0508
2709,0.983,0.0736
2710,1.923,0.1091
2711,1.693,0.035
2712,5.789,0.2504
2713,1.227,0.0584
2715,2.108,0.1595
2716,0.614,0.0931
2717,0.046,0.0002
2718,1.352,0.0832
2719,1.577,0.0668
2720,2.993,0.1351
2721,1.038,0.0499
2722,0.576,0.0387
2723,2.308,0.1496
2724,0.26,0.0043
2725,2.855,0.1321
2726,2.152,0.1146
2727,1.687,0.0352
2728,1.231,0.095
2729,0.699,0.0156
2730,0.967,0.2047
2731,2.504,0.1242
2732,1.577,0.0789
2733,2.226,0.1024
2734,1.14,0.0577
2735,0.988,0.0484
2736,1.1,0.0797
2738,1.894,0.0454
2739,1.009,0.0403
2740,2.456,0.1411
2741,2.279,0.1541
2742,1.312,0.069
2743,2.27,0.1104
2744,1.871,0.0723
2746,2.719,0.1132
2747,0.209,0.0032
2749,1.546,0.0666
2750,1.1,0.0646
2751,1.227,0.1174
2752,0.45,0.0117
2753,2.232,0.099
2754,1.096,0.0532
2755,1.888,0.0673
2756,1.903,0.0333
2757,0.531,0.0107
2758,1.399,0.057
2760,3.636,0.103
2761,3.294,0.1354
2763,1.007,0.0631
2764,1.163,0.1584
2765,1.1,0.074
2766,2.143,0.0565
2767,0.973,0.0215
2769,0.246,0.0037
2770,1.206,0.0545
2771,1.914,0.0824
2772,12.949,0.2299
2773,1.563,0.1264
2774,0.296,0.0189
2775,1.43,0.071
2777,0.552,0.0488
2778,1.42,0.0686
2779,1.205,0.069
2780,0.413,0.0591
2781,0.304,0.0044
2783,1.273,0.1922
2784,1.983,0.1797
2785,2.394,0.1265
2786,0.362,0.0061
2787,1.485,0.0901
2789,1.496,0.0741
2790,1.94,0.1037
2791,2.22,0.1078
2792,1.843,0.1866
2794,2.258,0.1094
2795,1.238,0.0653
2796,0.326,0.0056
2797,0.629,0.0132
2798,2.268,0.1692
2799,0.313,0.005
2800,1.066,0.1724
2801,2.468,0.1251
2802,2.564,0.1429
2803,2.345,0.1092
2804,0.523,0.144
2805,1.43,0.071
2806,2.516,0.1246
2807,0.888,0.0559
2808,1.93,0.102
2809,1.275,0.0379
2810,2.326,0.1082
2811,2.064,0.0688
2812,1.992,0.0613
2813,2.161,0.204
2814,1.777,0.1556
2815,2.052,0.1714
2816,2.04,0.1719
2817,1.889,0.0449
2818,2.292,0.1072
2819,1.964,0.1053
2820,1.915,0.0357
2821,0.661,0.0292
2822,2.582,0.1353
2823,2.298,0.1103
2824,2.127,0.0213
2825,2.448,0.1326
2826,2.722,0.0951
2827,2.295,0.115
2828,1.708,0.0377
2829,2.48,0.0701
2830,1.731,0.0714
2831,2.324,0.1347
2832,0.903,0.0601
2833,2.533,0.1271
2835,2.303,0.1162
2836,1.172,0.0574
2837,0.397,0.0473
2838,2.43,0.1259
2839,1.735,0.0972
2840,1.342,0.0825
2841,0.416,0.0102
2842,0.997,0.0513
2843,2.859,0.077
2844,2.164,0.1278
2845,2.234,0.1108
2846,0.993,0.1516
2847,1.758,0.1657
2848,0.903,0.0275
2849,1.747,0.0763
2850,1.635,0.0688
2851,0.328,0.0059
2853,0.083,0.0006
2854,0.283,0.0066
2855,2.546,0.1453
2856,1.16,0.049
2857,1.731,0.0687
2858,2.626,0.0976
2859,1.574,0.0665
2860,0.924,0.0373
2861,2.37,0.1034
2862,1.132,0.0527
2864,2.178,0.1314
2865,1.33,0.114
2866,1.08,0.0259
2867,2.792,0.0882
2868,1.034,0.0926
2869,4.154,0.1016
2870,2.719,0.1132
2871,1.237,0.0746
2872,1.076,0.1448
2873,0.332,0.0056
2874,0.279,0.0061
2876,0.258,0.0044
2877,2.121,0.1711
2878,2.587,0.1015
2879,3.098,0.1445
2880,0.873,0.0221
2881,2.5,0.1485
2883,1.904,0.032
2885,2.626,0.0976
2886,1.228,0.0349
2887,1.235,0.03
2888,1.583,0.0688
2889,0.685,0.2028
2890,1.28,0.0789
2891,1.888,0.0445
2892,2.15,0.2211
2893,4.307,0.1315
2894,1.988,0.0953
2895,1.698,0.1056
2896,0.497,0.0188
2897,1.645,0.1349
2898,2.276,0.1107
2899,0.504,0.0136
2900,1.161,0.0406
2901,0.116,0.0011
2902,2.125,0.1083
2903,1.863,0.0453
2904,2.485,0.1163
2905,2.429,0.1291
2908,1.655,0.0702
2909,2.241,0.1102
2910,0.128,0.0013
2911,1.295,0.0659
2912,2.525,0.1407
2913,1.904,0.2118
2915,2.019,0.1163
2916,0.352,0.0074
2918,2.311,0.1189
2919,3.092,0.1408
2920,2.101,0.0353
2922,1.143,0.05
2923,1.567,0.1277
2924,1.038,0.0517
2925,2.234,0.1064
2926,3.093,0.1299
2927,3.011,0.1054
2929,2.843,0.1112
2930,1.216,0.1468
2931,1.413,0.0667
2932,0.289,0.0304
2933,0.304,0.007
2934,1.704,0.0968
2935,2.291,0.1117
2936,0.407,0.007
2937,2.325,0.1203
2938,1.19,0.0929
2939,1.597,0.1123
2940,1.736,0.1065
2941,2.108,0.0866
2942,1.404,0.0465
2943,0.494,0.0108
2944,2.499,0.156
2945,1.784,0.0425
2946,1.818,0.1369
2947,2.252,0.1364
2948,2.295,0.115
2949,1.35,0.1793
2950,2.489,0.1464
2951,2.316,0.1223
2953,0.209,0.0032
2954,1.14,0.183
2955,2.249,0.0511
2956,2.311,0.1167
2957,2.31,0.1108
2958,1.324,0.175
2959,2.537,0.146
2960,1.873,0.1075
2961,1.098,0.0504
2962,1.938,0.1027
2963,0.301,0.0111
2964,2.345,0.1135
2965,1.104,0.051
2966,1.821,0.0861
2968,1.815,0.0615
2969,2.286,0.1011
2970,1.875,0.0447
2971,2.081,0.1058
2972,1.136,0.0472
2973,0.158,0.014
2974,2.27,0.1112
2976,1.87,0.068
2977,0.704,0.0299
2978,0.925,0.0446
2979,1.733,0.1518
2980,1.358,0.1184
2981,1.229,0.0504
2982,2.233,0.111
2983,0.222,0.0304
2984,1.883,0.028
2985,2.7,0.111
2986,2.094,0.2216
2987,1.489,0.0509
2988,3.094,0.1294
2989,2.457,0.1
2990,1.883,0.0491
2991,1.133,0.0769
2992,1.616,0.0749
2993,2.281,0.2253
2994,2.346,0.1184
2995,2.297,0.1124
2996,1.551,0.1362
2997,1.622,0.0898
2999,2.104,0.1251
3000,2.614,0.1069
3001,5.795,0.2191
3002,0.729,0.0483
3003,1.26,0.0861
3004,1.076,0.0465
3005,1.961,0.0294
3006,1.763,0.1088
3008,1.284,0.0593
3010,1.926,0.073
3011,0.428,0.0107
3012,2.254,0.069
3013,1.478,0.0681
3014,1.28,0.101
3016,0.053,0.0002
3017,2.531,0.1125
3018,2.345,0.0645
3019,2.033,0.1261
3021,2.428,0.1209
3022,1.916,0.0352
3023,1.17,0.0617
3024,0.287,0.0054
3025,1.681,0.1073
3026,1.014,0.0692
3027,2.314,0.121
3028,2.531,0.1556
3029,1.647,0.1718
3030,1.107,0.0778
3031,0.231,0.0036
3032,1.836,0.0642
3033,0.095,0.0008
3034,3.709,0.085
3035,0.685,0.1327
3036,1.339,0.1246
3037,1.086,0.0766
3038,0.158,0.014
3039,2.261,0.1074
3040,0.164,0.002
3041,0.495,0.015
3042,2.111,0.1039
3043,1.456,0.071
3044,2.629,0.1365
3045,2.149,0.0477
3046,1.641,0.0702
3047,2.449,0.0828
3048,1.094,0.0526
3049,1.541,0.0443
3050,0.332,0.0054
3051,1.225,0.0351
3052,1.12,0.1559
3054,0.712,0.051
3057,2.226,0.2245
3058,0.797,0.0193
3059,2.62,0.1047
3060,2.421,0.1917
3061,0.537,0.016
3062,0.932,0.0989
3063,2.641,0.1098
3064,1.818,0.0639
3065,1.186,0.0547
3066,0.876,0.1432
3067,2.282,0.1231
3068,0.885,0.0253
3069,2.286,0.0873
3070,2.019,0.0624
3071,2.217,0.1487
3072,2.163,0.1068
3073,2.506,0.108
3074,1.793,0.0916
3075,2.303,0.1137
3077,0.292,0.0014
3078,1.176,0.1204
3079,0.34,0.0046
3081,2.176,0.0614
3082,4.319,0.0569
3083,2.497,0.1045
3084,2.202,0.0669
3085,1.207,0.0287
3086,0.96,0.0705
3088,3.054,0.1059
3089,0.293,0.0063
3090,0.044,0.0002
3091,2.548,0.0677
3092,2.06,0.0849
3093,0.496,0.0156
3094,2.546,0.1414
3095,1.998,0.0796
3096,1.155,0.0553
3098,1.158,0.0333
3099,1.472,0.0648
3100,1.146,0.147
3101,0.888,0.0559
3102,1.363,0.0644
3103,1.525,0.1203
3104,1.075,0.0817
3105,1.175,0.0479
3106,2.379,0.1019
3107,2.687,0.1141
3108,4.057,0.1529
3109,2.386,0.1163
3110,1.167,0.0859
3113,2.23,0.1084
3114,1.984,0.0937
3116,1.237,0.0307
3117,1.899,0.0523
3118,0.57,0.0113
3119,2.459,0.2013
3120,2.757,0.121
3121,1.989,0.174
3122,1.533,0.0557
3123,1.045,0.179
3124,1.377,0.0904
3126,2.237,0.1116
3127,1.687,0.0436
3128,1.688,0.156
3129,2.026,0.0537
3130,0.345,0.0064
3131,2.247,0.1014
3133,1.253,0.0585
3134,1.52,0.0092
3135,2.154,0.1572
3136,2.611,0.1271
3137,2.377,0.1231
3138,0.741,0.0293
3139,1.805,0.11
3140,1.262,0.0311
3141,2.369,0.1187
3142,2.295,0.1141
3143,0.162,0.0022
3144,0.445,0.0288
3145,1.028,0.056
3146,1.599,0.0926
3147,1.177,0.0559
3148,1.747,0.1037
3149,1.295,0.0832
3151,1.682,0.0711
3153,2.435,0.118
3154,0.887,0.0362
3155,1.157,0.1617
3156,3.093,0.1376
3157,1.781,0.1264
3158,1.951,0.1124
3159,2.185,0.0836
3160,2.353,0.1658
3161,4.169,0.0524
3163,2.248,0.1096
3164,0.568,0.018
3165,0.28,0.0048
3166,1.07,0.1354
3167,1.887,0.0838
3168,1.997,0.1051
3169,1.502,0.0609
3170,1.956,0.1026
3171,0.958,0.0659
3172,1.467,0.0512
3173,2.713,0.1422
3174,2.391,0.1142
3175,2.542,0.0727
3176,1.134,0.026
3177,2.742,0.1029
3178,0.565,0.0169
3179,2.198,0.0829
3180,0.93,0.0371
3181,1.935,0.1058
3182,1.245,0.074
3183,1.42,0.0686
3184,0.669,0.0227
3185,2.278,0.1038
3186,1.887,0.0364
3187,1.935,0.0735
3188,0.344,0.009
3189,2.052,0.1149
3190,1.871,0.0944
3191,1.964,0.1156
3192,2.66,0.1439
3193,0.536,0.1229
3194,1.716,0.0738
3195,0.325,0.0051
3196,1.962,0.1206
3197,0.308,0.0063
3198,1.75,0.1065
3199,1.915,0.0458
3200,1.3,0.063
3201,0.158,0.014
3202,1.692,0.1846
3203,2.441,0.1216
3204,0.298,0.0062
3205,0.807,0.0297
3206,1.18,0.1498
3207,1.207,0.0963
3208,2.15,0.0364
3209,1.888,0.1674
3210,2.246,0.112
3211,1.37,0.1522
3212,1.473,0.0634
3213,1.414,0.2086
3214,1.102,0.0675
3216,2.115,0.2057
3217,0.899,0.0408
3218,1.901,0.0633
3219,0.371,0.006
3220,1.63,0.0998
3221,2.465,0.1234
3222,0.117,0.0013
3223,2.156,0.1417
3224,0.361,0.0092
3225,1.145,0.0956
3226,0.14,0.01
3227,1.551,0.0924
3228,0.213,0.0028
3229,1.163,0.0527
3230,0.163,0.0022
3231,2.182,0.0329
3232,1.539,0.0524
3233,2.634,0.0594
3234,1.37,0.1522
3235,1.76,0.0807
3236,1.584,0.0822
3237,2.565,0.1308
3238,1.565,0.0784
3239,1.289,0.063
3240,0.945,0.0246
3242,1.035,0.1949
3243,2.634,0.0594
3245,1.0,0.1927
3246,1.0,0.0212
3247,2.805,0.1251
3248,1.35,0.1793
3249,1.017,0.1014
3250,1.168,0.0829
3251,2.534,0.1081
3252,0.499,0.0405
3253,1.194,0.0572
3254,2.144,0.1251
3256,2.698,0.1205
3257,1.542,0.0717
3258,2.819,0.0907
3259,0.43,0.0994
3260,1.301,0.0618
3261,1.038,0.0793
3262,1.813,0.0803
3263,1.804,0.0323
3264,1.948,0.0357
3265,1.92,0.1041
3266,2.911,0.1147
3267,1.138,0.0535
3268,0.92,0.0221
3270,0.577,0.0116
3271,1.776,0.0355
3272,1.697,0.0353
3273,1.869,0.0474
3274,2.859,0.077
3275,1.165,0.0537
3277,2.103,0.0832
3278,1.923,0.104
3279,3.075,0.1427
3281,1.236,0.0952
3282,0.25,0.0396
3284,2.117,0.0592
3285,1.718,0.0428
3286,0.699,0.1642
3287,2.334,0.1145
3288,1.702,0.1185
3289,1.777,0.035
3291,1.669,0.0434
3292,1.167,0.1655
3293,2.388,0.1085
3294,1.782,0.0367
3295,2.346,0.1733
3296,0.897,0.0368
3297,1.502,0.1271
3298,2.292,0.1072
3299,1.232,0.0356
3300,1.803,0.1029
3301,2.535,0.1164
3302,1.563,0.133
3303,1.222,0.0962
3304,2.757,0.121
3305,1.887,0.0523
3306,0.273,0.0043
3307,1.178,0.0575
3308,1.473,0.079
3309,1.994,0.0646
3310,1.847,0.0651
3311,1.144,0.0529
3312,2.263,0.1109
3313,2.533,0.0858
3315,0.286,0.0041
3316,1.938,0.1075
3317,1.891,0.0894
3318,1.724,0.1009
3319,1.414,0.089
3320,2.764,0.068
3321,0.294,0.0044
3322,1.061,0.0293
3323,2.361,0.122
3324,1.689,0.079
3326,1.085,0.1525
3327,2.456,0.1133
3328,0.754,0.061
3329,1.189,0.0917
3330,1.695,0.0675
3332,1.918,0.1057
3333,1.214,0.064
3334,1.038,0.0517
3335,1.499,0.0562
3336,0.888,0.0586
3337,0.354,0.0068
3338,2.276,0.1204
3339,0.327,0.0054
3340,3.046,0.0924
3341,0.362,0.0092
3342,1.743,0.0685
3343,2.386,0.1163
3344,0.333,0.0582
3345,2.432,0.1344
3347,1.73,0.0548
3348,1.581,0.0926
3349,1.718,0.1684
3350,1.996,0.0595
3351,0.627,0.0225
3352,1.936,0.1617
3353,6.24,0.0926
3354,2.98,0.1402
3355,2.314,0.1323
3356,1.008,0.0228
3359,1.684,0.0682
3360,2.292,0.1134
3361,1.048,0.0672
3362,2.179,0.0588
3363,1.719,0.0744
3364,0.304,0.007
3365,0.869,0.0408
3366,2.027,0.0488
3368,1.268,0.0647
3369,2.272,0.1116
3370,1.815,0.1415
3371,2.448,0.0866
3373,3.011,0.1008
3374,0.945,0.0474
3375,0.8,0.0649
3376,0.817,0.0298
3377,0.212,0.0037
3378,0.996,0.0414
3379,1.983,0.0855
3380,1.889,0.037
3381,2.345,0.1135
3382,0.994,0.0779
3383,1.894,0.0454
3384,0.331,0.0069
3385,2.609,0.0943
3386,2.143,0.1082
3387,2.316,0.1264
3388,2.81,0.0888
3389,1.147,0.0704
3391,0.366,0.0082
3392,0.684,0.0192
3393,2.511,0.1594
3394,1.344,0.0751
3395,1.139,0.056
3396,1.569,0.1299
3397,2.309,0.1176
3398,2.925,0.0706
3399,2.062,0.0553
3401,1.094,0.0474
3403,2.28,0.0565
3404,1.291,0.0628
3405,2.98,0.1402
3406,1.316,0.0794
3407,0.687,0.0257
3408,2.007,0.166
3409,1.255,0.0976
3410,1.06,0.044
3411,2.057,0.1169
3412,0.176,0.0184
3414,2.35,0.1061
3415,1.482,0.1243
3416,3.1,0.0732
3417,1.871,0.0668
3419,1.777,0.0711
3420,2.131,0.2051
3421,0.232,0.0032
3422,1.403,0.0694
3423,0.313,0.0053
3424,1.709,0.1239
3425,1.231,0.0626
3426,0.056,0.0003
3427,2.798,0.0962
3428,1.687,0.0436
3429,0.86,0.0404
3430,0.526,0.1012
3431,2.289,0.1018
3432,1.152,0.0282
3433,0.826,0.0362
3434,2.37,0.1034
3436,1.724,0.1732
3437,0.997,0.0513
3438,1.129,0.0848
3439,0.706,0.0208
3440,2.232,0.099
3441,1.025,0.0422
3442,0.128,0.0012
3443,2.052,0.1895
3444,1.415,0.0596
3445,2.486,0.1528
3446,1.129,0.065
3447,1.341,0.0729
3448,1.874,0.2181
3449,2.175,0.1199
3451,0.975,0.0265
3452,0.763,0.0278
3453,1.879,0.0371
3454,6.997,0.1474
3455,0.867,0.0218
3456,2.267,0.157
3457,2.344,0.0752
3458,1.222,0.0744
3459,2.398,0.1114
3460,2.287,0.1182
3461,1.293,0.0582
3462,1.941,0.0633
3463,1.729,0.0335
3464,2.313,0.1119
3465,2.228,0.1185
3467,0.593,0.0896
3468,1.456,0.0525
3469,1.828,0.0869
3470,0.185,0.0028
3471,2.559,0.1284
3472,1.863,0.1629
3473,2.281,0.1116
3474,2.28,0.1707
3475,0.227,0.0233
3476,4.348,0.2567
3477,1.16,0.049
3478,1.003,0.0215
3479,1.804,0.0337
3480,1.124,0.1502
3481,2.215,0.0909
3482,1.863,0.0468
3483,1.977,0.121
3484,2.773,0.1414
3485,1.7,0.0695
3486,0.988,0.0459
3487,1.697,0.1063
3489,1.938,0.098
3490,1.377,0.0904
3491,2.397,0.1084
3492,1.517,0.1522
3493,0.24,0.0286
3494,2.227,0.0996
3495,1.774,0.0359
3496,2.388,0.1266
3497,1.854,0.074
3498,0.946,0.0429
3499,2.532,0.1476
3500,2.009,0.0601
3501,2.033,0.1261
3502,1.15,0.0505
3503,0.983,0.0265
3504,1.897,0.07
3505,2.033,0.1261
3506,2.55,0.0504
3507,1.36,0.0422
3508,1.938,0.1549
3509,1.184,0.0646
3510,1.058,0.0631
3511,2.345,0.1092
3512,2.042,0.1709
3513,0.285,0.0102
3514,2.616,0.144
3515,2.551,0.1413
3516,0.185,0.0028
3517,2.916,0.1316
3518,0.33,0.0056
3519,2.665,0.1255
3520,0.285,0.005
3521,1.168,0.0539
3522,1.169,0.0539
3523,1.85,0.1023
3524,0.335,0.0085
3525,2.309,0.1117
3527,1.099,0.0933
3528,1.739,0.0436
3529,0.227,0.0233
3530,1.187,0.0593
3531,2.02,0.0983
3532,0.671,0.0243
3533,1.962,0.1206
3534,2.434,0.1333
3535,0.856,0.1221
3536,1.693,0.0652
3538,1.239,0.0823
3539,2.448,0.1562
3540,1.536,0.124
3541,2.096,0.0934
3542,1.133,0.0769
3543,1.123,0.1472
3544,0.93,0.0441
3546,1.622,0.1194
3547,1.734,0.0365
3548,2.22,0.1671
3549,1.259,0.046
3550,1.54,0.0745
3551,1.261,0.1308
3552,2.239,0.0539
3553,3.068,0.0653
3554,2.548,0.1684
3555,2.37,0.1744
3556,0.903,0.0601
3557,1.622,0.1354
3558,1.646,0.1521
3559,2.306,0.1121
3560,2.379,0.142
3561,2.315,0.1186
3562,0.899,0.0559
3563,1.683,0.1141
3564,0.419,0.01
3566,2.187,0.1022
3567,1.315,0.0793
3568,1.738,0.1134
3569,1.169,0.0534
3570,0.227,0.0233
3571,1.116,0.156
3572,2.278,0.1294
3573,2.08,0.0679
3574,2.402,0.1452
3575,2.383,0.1285
3576,3.481,0.108
3578,0.726,0.0932
3579,1.728,0.1292
3580,1.116,0.0336
3581,2.812,0.139
3582,2.547,0.0917
3583,0.116,0.0011
3584,1.964,0.1156
3585,1.728,0.1015
3586,1.778,0.1154
3587,1.954,0.1054
3589,3.049,0.1423
3590,2.108,0.1595
3591,6.123,0.5143
3593,2.348,0.1729
3594,1.617,0.1159
3595,2.605,0.1118
3596,0.765,0.0344
3597,3.578,0.0472
3598,0.044,0.0002
3599,1.2,0.0903
3600,0.223,0.0041
3602,1.645,0.1349
3603,0.629,0.0237
3605,3.346,0.0829
3606,2.406,0.1099
3607,1.42,0.0889
3608,0.324,0.0062
3609,1.547,0.096
3610,1.819,0.0621
3611,1.876,0.0345
3612,1.783,0.1346
3613,4.567,0.0338
3615,0.467,0.0126
3616,1.929,0.0958
3617,5.566,0.1039
3618,2.305,0.1138
3619,2.494,0.2053
3620,1.744,0.1098
3621,1.735,0.0972
3622,2.782,0.0994
3623,2.657,0.1277
3624,1.321,0.0801
3625,1.215,0.0296
3626,2.528,0.1216
3628,1.128,0.157
3629,1.577,0.1311
3630,2.15,0.0817
3631,2.793,0.0635
3632,0.128,0.0013
3633,1.933,0.1078
3634,8.547,0.1001
3635,2.373,0.1003
3636,0.997,0.0596
3638,0.378,0.0097
3639,2.321,0.1481
3640,0.758,0.054
3641,0.495,0.015
3642,0.22,0.0037
3643,1.812,0.037
3645,0.984,0.0263
3646,2.801,0.1372
3647,1.726,0.0357
3648,1.645,0.1349
3649,1.008,0.1377
3650,1.645,0.1369
3652,0.506,0.1416
3653,1.542,0.0717
3654,2.335,0.1288
3655,0.729,0.0483
3656,2.393,0.1102
3657,0.263,0.0036
3658,2.183,0.0764
3659,0.648,0.0885
3660,1.74,0.1085
3661,1.903,0.091
3662,0.908,0.0603
3663,2.563,0.0888
3664,0.411,0.0102
3666,1.466,0.1123
3667,1.229,0.0493
3668,2.503,0.1037
3670,4.14,0.1068
3671,2.549,0.0749
3672,1.252,0.0648
3673,1.91,0.2212
3674,1.66,0.0364
3675,3.034,0.1343
3676,2.292,0.1182
3677,2.003,0.1075
3678,5.008,0.1838
3680,1.118,0.0348
3681,1.903,0.0907
3682,1.347,0.0541
3683,1.697,0.0796
3684,0.596,0.0241
3685,1.799,0.0359
3687,1.33,0.1342
3688,0.539,0.0115
3689,0.789,0.0602
3690,0.77,0.1212
3691,0.244,0.0045
3692,1.568,0.0591
3693,2.088,0.0611
3694,2.09,0.0601
3695,1.738,0.0398
3696,2.002,0.1118
3697,1.54,0.0545
3698,1.881,0.1607
3699,1.958,0.0575
3700,2.272,0.1096
3701,1.614,0.1255
3702,0.221,0.0042
3703,1.728,0.0385
3704,1.871,0.1717
3705,1.692,0.0701
3706,0.964,0.0778
3707,1.838,0.0891
3708,2.488,0.1462
3709,0.488,0.0704
3710,0.419,0.011
3711,0.97,0.0814
3713,2.277,0.1096
3714,2.29,0.1102
3715,2.37,0.1629
3716,1.345,0.1852
3717,1.217,0.0574
3718,2.658,0.105
3719,2.357,0.095
3720,1.689,0.0668
3721,2.727,0.1376
3722,1.875,0.1129
3723,1.333,0.0725
3724,3.055,0.0657
3725,1.724,0.0664
3726,1.169,0.0719
3727,2.505,0.087
3728,0.359,0.0057
3729,0.286,0.0006
3730,2.275,0.1103
3731,2.03,0.1248
3732,1.107,0.0647
3733,1.175,0.0479
3734,1.582,0.0591
3735,2.315,0.1046
3736,1.481,0.0754
3737,1.052,0.0594
3738,2.618,0.1064
3739,1.924,0.0986
3740,2.619,0.1017
3742,1.658,0.0455
3743,11.07,0.2006
3744,3.101,0.1329
3745,2.183,0.1327
3746,2.086,0.1151
3747,1.544,0.0878
3748,1.714,0.1009
3749,1.06,0.0781
3750,1.984,0.1381
3751,2.428,0.0928
3752,1.898,0.0288
3753,1.482,0.1243
3754,1.656,0.0359
3755,1.698,0.0359
3756,2.228,0.0885
3757,1.794,0.0609
3758,0.296,0.0053
3759,1.118,0.1872
3760,2.636,0.064
3762,2.29,0.0279
3763,2.385,0.134
3764,2.602,0.1334
3765,1.282,0.0648
3766,1.656,0.1733
3767,1.314,0.1022
3768,1.502,0.154
3769,3.083,0.0343
3771,1.847,0.1098
3772,2.586,0.1055
3773,0.814,0.0329
3774,2.081,0.0502
3775,1.13,0.0503
3776,0.994,0.0729
3777,2.345,0.1253
3778,2.585,0.1228
3779,0.955,0.0459
3781,2.396,0.1236
3782,2.121,0.0681
3783,1.747,0.0955
3784,1.564,0.113
3785,1.737,0.1079
3786,0.523,0.0237
3787,1.227,0.1578
3788,1.115,0.0273
3789,2.452,0.094
3790,1.259,0.1002
3792,1.885,0.073
3793,2.491,0.0943
3795,0.427,0.0112
3796,0.295,0.0047
3797,2.433,0.1136
3798,2.449,0.123
3799,1.829,0.0858
3800,1.768,0.1279
3801,1.421,0.0332
3802,2.489,0.1443
3804,2.178,0.0634
3805,6.248,0.0999
3806,2.345,0.1107
3807,1.968,0.0678
3808,0.983,0.0508
3809,0.634,0.0133
3810,2.129,0.1401
3811,1.958,0.0575
3812,1.728,0.0385
3813,2.337,0.1225
3814,1.359,0.0695
3815,1.089,0.0474
3816,1.288,0.0167
3817,1.87,0.068
3818,5.715,0.2055
3819,2.17,0.1825
3820,0.482,0.1207
3821,2.989,0.1197
3822,1.264,0.0998
3823,2.276,0.1107
3824,1.148,0.0508
3825,2.063,0.1234
3826,1.85,0.1607
3827,1.242,0.0605
3828,1.831,0.0363
3829,1.524,0.142
3830,2.523,0.1097
3832,1.088,0.0384
3833,2.363,0.0846
3834,1.693,0.0655
3835,1.426,0.1103
3836,2.321,0.1481
3837,1.735,0.0356
3838,2.086,0.0622
3839,1.78,0.0591
3840,0.333,0.011
3843,2.125,0.0898
3844,1.911,0.0423
3845,2.457,0.1
3847,1.293,0.1491
3848,0.528,0.0488
3849,0.604,0.0189
3850,1.584,0.1032
3851,2.199,0.0841
3852,2.056,0.0706
3853,2.152,0.0694
3854,1.32,0.1323
3855,2.306,0.0457
3856,1.073,0.0871
3857,1.499,0.0651
3858,2.935,0.1316
3859,2.28,0.1081
3860,1.415,0.0596
3861,1.69,0.0353
3862,1.21,0.0642
3863,1.93,0.102
3864,0.875,0.0231
3865,1.109,0.0498
3866,0.345,0.0069
3867,0.692,0.0228
3868,1.02,0.0512
3869,2.078,0.123
3870,0.991,0.0715
3871,3.813,0.0898
3872,1.879,0.0702
3873,0.722,0.0255
3874,1.134,0.0578
3875,1.338,0.0418
3876,0.892,0.0583
3877,0.558,0.087
3878,1.686,0.0878
3879,1.98,0.1138
3880,2.007,0.0804
3881,0.932,0.0641
3882,1.679,0.035
3883,2.98,0.0984
3884,1.849,0.0491
3885,2.036,0.1711
3886,2.02,0.134
3887,0.884,0.0364
3888,2.543,0.1293
3889,1.292,0.1149
3892,1.378,0.1419
3893,1.801,0.037
3894,1.051,0.0768
3895,1.042,0.0486
3896,2.4,0.1196
3897,1.401,0.0958
3898,2.415,0.1005
3899,0.532,0.1512
3900,1.23,0.0596
3901,2.581,0.1033
3902,1.915,0.0956
3903,0.219,0.004
3904,1.673,0.0488
3906,1.323,0.0649
3907,1.236,0.0952
3908,0.219,0.0029
3909,0.317,0.0059
3910,0.333,0.0142
3911,1.689,0.0741
3913,3.042,0.1366
3914,2.524,0.0548
3915,2.209,0.1768
3916,1.298,0.1035
3917,3.879,0.0573
3918,2.509,0.1029
3919,3.73,0.1004
3920,1.228,0.0621
3921,1.01,0.1635
3923,2.132,0.1995
3924,3.118,0.128
3925,1.888,0.036
3926,1.893,0.0973
3927,2.185,0.0836
3928,1.043,0.029
3930,0.325,0.0051
3931,2.376,0.1228
3932,1.804,0.0323
3934,2.368,0.1466
3935,2.265,0.1132
3936,1.874,0.0654
3938,2.62,0.1199
3939,1.263,0.1126
3940,0.742,0.0222
3941,2.318,0.1151
3942,1.602,0.0394
3943,1.31,0.0791
3944,2.305,0.1138
3945,1.109,0.0455
3946,1.223,0.1833
3947,1.949,0.0549
3948,0.252,0.0029
3949,1.128,0.0779
3950,1.201,0.0681
3951,0.692,0.1347
3952,1.552,0.0431
3953,0.905,0.0358
3954,0.742,0.0222
3956,1.417,0.0667
3957,1.891,0.0486
3958,0.408,0.0098
3959,2.375,0.1021
3960,2.792,0.0882
3961,1.263,0.1295
3963,0.657,0.1934
3964,1.576,0.1827
3965,0.368,0.0271
3966,1.188,0.1193
3967,1.029,0.205
3968,0.176,0.0184
3969,0.359,0.0076
3970,2.648,0.1028
3971,1.606,0.0866
3972,2.238,0.092
3973,2.391,0.1142
3974,2.112,0.0547
3975,0.91,0.0364
3976,2.134,0.0545
3977,3.157,0.1374
3978,1.346,0.0413
3979,0.956,0.0503
3981,0.414,0.007
3982,1.568,0.1244
3984,1.748,0.0759
3985,2.522,0.1495
3986,2.019,0.0929
3987,2.062,0.0553
3988,1.286,0.0628
3989,1.398,0.0596
3990,1.913,0.1138
3991,2.634,0.0594
3992,0.213,0.003
3993,0.867,0.0218
3994,1.963,0.1257
3995,0.368,0.0271
3996,1.107,0.0647
3998,2.203,0.0744
3999,1.499,0.0562
4000,1.595,0.0951
4001,1.148,0.0314
4002,1.174,0.1728
4003,1.851,0.0366
4004,1.558,0.0787
4005,0.916,0.0198
4006,1.871,0.0861
4007,2.87,0.1402
4010,0.495,0.015
4011,0.394,0.0602
4012,1.945,0.0659
4013,1.582,0.0591
4014,1.712,0.1348
4015,1.946,0.1021
4016,0.286,0.0059
4017,1.623,0.0676
4019,2.309,0.0924
4020,0.718,0.0309
4021,2.763,0.1448
4022,1.196,0.1394
4023,1.916,0.0352
4024,2.516,0.1213
4025,0.661,0.0292
4026,0.272,0.0039
4027,2.564,0.1296
4028,1.363,0.1079
4029,2.414,0.0768
4030,1.692,0.0626
4031,1.8,0.1703
4032,1.006,0.0273
4033,0.979,0.0231
4034,2.278,0.0853
4035,1.982,0.1237
4036,2.812,0.139
4037,8.77,0.121
4038,1.163,0.0682
4039,2.359,0.1243
4040,2.624,0.1302
4041,1.734,0.1082
4042,2.516,0.1257
4043,2.322,0.1143
4044,2.204,0.1261
4045,3.063,0.1044
4046,1.772,0.1021
4047,1.174,0.0275
4048,2.551,0.1256
4051,1.915,0.1708
4052,1.568,0.0938
4053,1.219,0.0626
4054,2.498,0.1183
4055,0.679,0.0216
4056,1.419,0.0651
4057,2.063,0.0826
4058,2.478,0.1552
4059,2.412,0.1893
4060,2.45,0.1424
4061,1.007,0.1717
4064,1.597,0.1123
4066,1.192,0.0611
4067,2.628,0.1142
4068,1.703,0.0536
4069,0.201,0.002
4070,1.754,0.0725
4071,1.26,0.0782
4072,1.076,0.0267
4073,1.901,0.0633
4074,2.253,0.1141
4075,0.832,0.1676
4076,2.085,0.0399
4077,1.743,0.0996
4078,3.083,0.0343
4079,1.789,0.1104
4080,0.123,0.0013
4081,2.496,0.118
4082,1.732,0.1347
4083,2.198,0.111
4084,0.314,0.0048
4085,3.06,0.1369
4086,1.902,0.0522
4087,0.243,0.0305
4088,2.891,0.0913
4089,1.472,0.0648
4091,5.35,0.2117
4092,0.108,0.0007
4093,2.256,0.0717
4094,2.143,0.0565
4095,1.168,0.1566
4096,1.128,0.157
4097,1.796,0.0663
4098,2.317,0.0826
4099,2.452,0.1229
4100,2.459,0.1355
4101,3.038,0.0815
4103,1.116,0.1363
4104,2.446,0.1384
4105,2.454,0.1478
4106,2.276,0.1107
4107,1.331,0.0417
4108,0.948,0.1256
4109,0.803,0.0572
4110,6.103,0.0908
4111,1.657,0.0999
4112,2.516,0.1246
4114,1.897,0.0647
4115,1.315,0.0647
4116,1.709,0.0691
4117,0.846,0.1199
4118,2.37,0.1397
4119,1.801,0.0777
4120,0.994,0.022
4122,1.771,0.0643
4123,1.143,0.0505
4124,1.291,0.0319
4126,1.416,0.0681
4127,1.147,0.0869
4129,1.153,0.055
4130,1.846,0.1101
4131,1.342,0.0411
4132,0.404,0.0961
4133,4.293,0.2194
4134,0.482,0.1207
4135,1.314,0.1022
4136,1.687,0.0717
4137,2.605,0.0939
4138,0.681,0.0082
4139,1.372,0.0688
4140,1.925,0.0366
4141,2.053,0.1571
4142,0.726,0.0168
4143,1.143,0.0516
4144,0.323,0.0063
4145,1.339,0.0635
4146,1.842,0.0766
4147,2.266,0.1231
4148,0.942,0.0631
4149,2.308,0.121
4151,1.88,0.1043
4152,2.114,0.1206
4153,1.799,0.0359
4154,2.033,0.1492
4155,2.26,0.1097
4157,1.949,0.0549
4158,1.47,0.0627
4159,1.712,0.1348
4160,1.266,0.1178
4161,1.005,0.0912
4162,0.35,0.0093
4163,0.676,0.0296
4164,0.172,0.0024
4166,0.872,0.0311
4167,1.897,0.07
4168,0.268,0.0126
4170,1.067,0.0363
4171,0.871,0.1663
4173,1.437,0.073
4175,1.964,0.0701
4176,0.659,0.0795
4177,2.438,0.1289
4178,2.235,0.1079
4179,2.213,0.1073
4180,1.551,0.0653
4181,1.203,0.0936
4182,0.077,0.0005
4183,2.702,0.0838
4184,2.024,0.1235
4186,0.141,0.0014
4187,1.494,0.0603
4188,0.52,0.0378
4189,3.118,0.128
4190,1.541,0.1237
4191,8.733,0.1208
4192,0.354,0.0369
4193,1.162,0.103
4194,2.003,0.1075
4195,2.005,0.1041
4196,7.918,0.3761
4197,2.345,0.1724
4198,2.202,0.0703
4199,3.305,0.0993
4200,0.278,0.0054
4202,0.618,0.1206
4203,2.049,0.128
4204,1.02,0.0486
4205,0.289,0.0046
4206,0.843,0.0299
4208,1.055,0.1989
4209,1.901,0.0284
4210,1.717,0.0356
4211,1.206,0.0558
4212,1.899,0.1276
4213,1.237,0.0808
4214,0.575,0.0296
4215,1.46,0.075
4216,2.43,0.0624
4217,2.421,0.0874
4219,1.438,0.1592
4220,1.983,0.1292
4221,2.335,0.1288
4222,1.038,0.0517
4223,1.364,0.1514
4224,2.546,0.1077
4225,1.188,0.0296
4226,1.405,0.0521
4227,1.539,0.1711
4228,1.853,0.1195
4229,1.889,0.0367
4230,2.813,0.0889
4231,2.306,0.1141
4232,1.97,0.076
4233,1.742,0.1031
4234,1.047,0.0342
4235,0.358,0.0095
4236,2.215,0.0909
4237,4.784,0.1874
4238,1.535,0.0731
4239,1.066,0.1567
4240,1.025,0.0485
4241,2.152,0.0694
4242,1.197,0.0455
4243,0.972,0.0438
4244,1.726,0.1082
4245,1.385,0.0495
4246,1.058,0.1466
4247,2.255,0.1081
4248,3.155,0.1391
4249,2.256,0.0594
4250,1.89,0.0342
4251,1.277,0.1324
4252,0.278,0.0473
4253,2.068,0.0564
4254,0.366,0.0095
4255,2.597,0.1147
4256,2.378,0.1263
4257,2.052,0.1149
4258,0.65,0.0973
4259,0.912,0.0658
4260,3.01,0.1294
4262,1.499,0.0651
4263,1.573,0.1239
4264,0.262,0.0042
4265,1.319,0.0704
4266,0.452,0.0118
4267,9.826,0.2469
4268,0.521,0.0155
4269,0.928,0.0835
4270,2.415,0.1124
4271,1.39,0.0696
4272,0.256,0.0047
4273,1.532,0.1599
4274,2.719,0.1132
4275,1.645,0.1369
4276,2.384,0.1253
4277,1.599,0.182
4278,0.244,0.0246
4279,2.163,0.2014
4280,6.17,0.2691
4281,2.268,0.1079
4282,1.219,0.0345
4283,1.08,0.0795
4284,2.973,0.0975
4285,1.479,0.1469
4286,2.103,0.065
4287,1.119,0.0767
4288,2.238,0.1112
4289,2.376,0.1228
4290,0.364,0.0079
4292,0.289,0.0046
4294,0.452,0.0144
4295,1.167,0.032
4296,2.581,0.1316
4297,0.479,0.0124
4298,2.118,0.135
4300,1.469,0.0682
4301,2.17,0.2062
4302,2.506,0.1323
4304,1.128,0.157
4305,3.031,0.0686
4306,1.153,0.055
4307,1.747,0.1069
4308,0.962,0.1497
4309,0.537,0.016
4310,0.178,0.0027
4311,1.755,0.0866
4312,1.173,0.0562
4313,2.346,0.1152
4314,2.215,0.041
4315,1.971,0.1277
4316,2.139,0.1018
4317,2.276,0.1084
4319,1.875,0.0447
4320,0.891,0.0396
4321,1.203,0.0854
4323,1.768,0.0472
4325,1.398,0.1181
4326,1.645,0.0962
4327,1.134,0.0547
4328,0.084,0.0006
4330,1.227,0.1578
4332,0.402,0.0173
4333,2.514,0.1066
4334,0.968,0.0465
4336,2.329,0.158
4337,1.75,0.1508
4338,1.657,0.0651
4339,1.293,0.1508
4340,1.863,0.0468
4341,0.315,0.0077
4342,2.299,0.1104
4343,1.227,0.1174
4346,0.958,0.0715
4347,1.87,0.1377
4348,2.449,0.0828
4349,1.229,0.0692
4351,0.629,0.0132
4352,1.967,0.0295
4353,1.693,0.0655
4354,2.401,0.1572
4355,1.824,0.1009
4356,1.93,0.0305
4357,1.358,0.1184
4358,0.922,0.0272
4359,1.226,0.0306
4360,1.721,0.0354
4362,1.959,0.0754
4363,0.355,0.0059
4364,2.424,0.1132
4365,1.418,0.1258
4366,2.717,0.1228
4367,1.596,0.0672
4368,0.858,0.0621
4369,1.425,0.0174
4370,2.952,0.1319
4371,0.404,0.0065
4372,2.085,0.0705
4373,2.271,0.1506
4374,1.252,0.098
4375,1.175,0.0841
4376,0.929,0.0246
4377,1.93,0.0507
4378,1.933,0.0736
4379,1.442,0.0743
4381,0.4,0.0107
4382,1.094,0.0526
4383,1.981,0.1244
4384,2.244,0.0676
4385,1.559,0.0519
4386,1.965,0.0318
4387,1.079,0.0806
4388,2.073,0.0535
4390,2.98,0.1402
4391,0.92,0.0221
4392,0.857,0.0329
4393,2.549,0.1145
4394,2.313,0.1035
4395,3.124,0.1344
4396,1.737,0.1425
4397,1.761,0.1517
4398,4.306,0.1155
4399,2.388,0.1656
4400,2.157,0.1137
4401,1.836,0.0642
4402,1.775,0.1084
4403,0.912,0.0553
4404,0.965,0.0834
4405,0.327,0.0057
4407,1.33,0.0881
4408,2.115,0.2156
4409,2.223,0.1204
4410,1.515,0.0547
4411,1.035,0.0748
4412,0.722,0.1323
4413,1.248,0.0641
4414,0.592,0.0233
4415,1.469,0.1165
4416,2.521,0.0826
4417,3.005,0.0751
4418,2.62,0.1199
4419,2.301,0.1107
4420,0.213,0.0028
4421,1.272,0.0587
4422,1.933,0.0994
4423,2.365,0.2233
4424,1.15,0.0505
4425,0.158,0.014
4427,2.264,0.0529
4428,1.821,0.0366
4429,1.31,0.0391
4431,1.225,0.0483
4432,1.949,0.106
4433,0.73,0.027
4434,1.189,0.0917
4435,1.871,0.0668
4436,0.927,0.0569
4437,2.093,0.0616
4438,2.514,0.1155
4440,0.324,0.0053
4441,1.08,0.0795
4442,1.698,0.1718
4443,2.448,0.0866
4444,2.701,0.0731
4445,1.741,0.1426
4446,1.292,0.1149
4447,2.299,0.157
4448,1.245,0.063
4449,0.606,0.0473
4450,1.094,0.0526
4451,2.012,0.0979
4453,2.865,0.0875
4454,1.857,0.0775
4455,1.791,0.1064
4456,1.721,0.1129
4457,4.734,0.0622
4458,4.295,0.0532
4459,0.532,0.0145
4461,1.428,0.0879
4462,1.9,0.0324
4463,2.184,0.1137
4464,1.217,0.029
4465,1.906,0.1173
4466,0.346,0.0087
4467,1.886,0.1414
4468,2.083,0.1245
4469,1.554,0.1177
4470,0.846,0.1199
4471,2.493,0.1122
4472,2.332,0.0792
4473,2.04,0.1719
4474,2.315,0.1046
4475,0.97,0.0814
4476,0.526,0.0761
4477,2.828,0.0571
4478,2.083,0.1103
4479,1.335,0.0681
4480,1.629,0.0657
4481,2.09,0.0988
4482,2.568,0.1508
4483,0.538,0.0165
4484,1.492,0.0765
4485,0.634,0.0133
4486,4.491,0.0613
4487,1.154,0.0525
4488,2.328,0.0953
4489,2.729,0.0894
4490,2.316,0.1323
4491,1.053,0.1219
4492,0.455,0.0284
4493,0.911,0.0463
4495,1.386,0.1158
4496,2.204,0.1261
4497,1.577,0.0668
4499,1.227,0.1468
4500,1.844,0.1674
4501,2.98,0.0984
4502,0.371,0.006
4503,2.768,0.0622
4505,1.3,0.0979
4506,1.902,0.1059
4507,2.161,0.0639
4508,1.661,0.0357
4509,2.224,0.1148
4510,2.602,0.1284
4511,2.333,0.1216
4512,0.91,0.0621
4514,2.326,0.2162
4515,1.941,0.1022
4516,1.728,0.1292
4517,1.588,0.0774
4518,1.258,0.0903
4519,2.063,0.0581
4520,1.926,0.073
4521,0.383,0.0066
4522,1.503,0.0471
4523,0.488,0.0704
4524,1.341,0.1101
4525,1.759,0.0456
4526,1.135,0.0264
4527,0.521,0.0143
4528,2.321,0.1481
4529,1.881,0.1067
4530,3.214,0.0922
4531,0.771,0.0275
4532,2.002,0.0677
4533,2.1,0.1183
4534,0.901,0.0219
4535,2.813,0.0992
4536,2.805,0.1251
4537,2.561,0.1327
4538,1.981,0.182
4539,1.147,0.0554
4540,0.382,0.0086
4541,2.042,0.0763
4542,2.295,0.115
4543,0.932,0.1815
4544,1.812,0.0358
4545,1.887,0.0364
4546,1.99,0.0599
4547,2.607,0.1309
4548,1.568,0.0662
4549,1.736,0.0448
4551,1.737,0.1079
4552,0.317,0.0063
4553,2.275,0.1156
4554,0.629,0.0132
4555,2.402,0.0666
4556,0.103,0.0068
4557,1.308,0.1663
4558,2.928,0.0947
4560,0.509,0.0189
4561,0.327,0.0063
4562,2.293,0.0411
4563,0.143,0.0017
4564,7.184,0.2331
4565,0.358,0.0076
4566,1.513,0.0783
4567,1.272,0.0371
4568,2.019,0.1163
4569,0.379,0.087
4570,3.038,0.1023
4571,1.742,0.1496
4572,0.178,0.0027
4573,2.499,0.1039
4574,2.221,0.0965
4575,1.738,0.2112
4576,0.153,0.0015
4577,0.857,0.0329
4578,1.961,0.1029
4579,1.886,0.1414
4580,1.564,0.0668
4581,1.776,0.06
4582,1.187,0.094
4583,2.32,0.2264
4584,1.045,0.0656
4585,1.249,0.207
4586,2.704,0.0818
4587,2.12,0.0801
4588,2.085,0.1538
4589,1.262,0.0311
4590,1.626,0.0815
4591,1.413,0.0303
4592,2.228,0.1185
4593,1.117,0.1339
4594,0.646,0.0235
4595,1.029,0.0504
4597,1.289,0.063
4598,0.3,0.0056
4599,1.339,0.0635
4600,2.362,0.1213
4601,0.04,0.0001
4603,1.446,0.061
4604,1.52,0.0697
4605,8.77,0.121
4606,1.4,0.0545
4607,2.764,0.068
4608,1.471,0.0755
4609,1.487,0.0818
4610,2.464,0.1191
4611,1.703,0.0536
4612,2.376,0.0578
4613,1.292,0.1543
4614,2.534,0.1111
4615,1.448,0.1947
4616,2.217,0.1043
4617,1.312,0.1239
4618,0.261,0.0057
4619,1.801,0.1027
4620,1.681,0.1254
4621,4.212,0.1049
4622,1.365,0.0939
4623,1.406,0.2107
4624,0.163,0.0016
4625,1.293,0.0483
4626,2.282,0.112
4627,1.969,0.1118
4628,2.012,0.1957
4629,1.131,0.0528
4630,2.41,0.1353
4631,2.808,0.1432
4632,1.972,0.0841
4633,1.111,0.0661
4634,1.386,0.1105
4635,1.199,0.157
4636,1.789,0.0448
4638,0.78,0.0332
4639,1.943,0.034
4640,2.09,0.1066
4641,0.948,0.0792
4642,2.337,0.1225
4643,2.343,0.1083
4644,1.122,0.0477
4645,1.446,0.0296
4646,2.304,0.1237
4647,1.442,0.0743
4648,2.268,0.0816
4649,0.282,0.0111
4650,1.887,0.0375
4651,0.658,0.0214
4652,0.286,0.005
4653,2.009,0.0601
4654,1.712,0.0361
4655,0.865,0.0218
4656,2.378,0.133
4657,0.203,0.0019
4658,0.815,0.178
4659,0.352,0.0074
4660,2.24,0.1112
4661,2.324,0.0657
4662,1.004,0.048
4663,1.52,0.1334
4664,2.015,0.0329
4665,3.881,0.0926
4666,1.05,0.1268
4667,1.475,0.0409
4668,0.961,0.0348
4669,2.5,0.0791
4670,0.915,0.0571
4671,1.565,0.0593
4672,3.057,0.0962
4673,0.881,0.034
4674,2.415,0.2234
4675,1.854,0.1011
4676,2.258,0.1194
4678,0.493,0.0019
4679,1.179,0.0897
4680,2.313,0.1001
4681,1.86,0.1208
4682,1.738,0.0398
4683,1.686,0.035
4684,2.102,0.0662
4686,1.651,0.0689
4687,1.322,0.0704
4689,8.547,0.1001
4690,2.328,0.0638
4691,1.675,0.0553
4692,1.179,0.0897
4693,2.241,0.1065
4694,2.501,0.1985
4695,1.204,0.0593
4696,1.274,0.073
4697,1.599,0.1678
4698,2.36,0.1269
4699,0.399,0.0069
4700,6.162,0.2298
4701,2.741,0.1125
4702,1.873,0.1075
4703,2.287,0.1153
4704,1.227,0.1468
4705,2.326,0.0394
4706,0.642,0.0565
4707,0.758,0.0955
4708,0.377,0.0081
4709,1.835,0.0967
4710,0.916,0.0418
4711,1.697,0.0796
4712,0.341,0.006
4713,1.533,0.0557
4714,1.229,0.0944
4715,0.881,0.034
4716,2.099,0.0312
4717,1.695,0.0842
4719,2.292,0.1381
4720,1.693,0.0531
4721,2.319,0.1143
4722,2.257,0.1136
4723,1.684,0.0738
4724,2.471,0.1089
4725,2.43,0.1243
4726,1.116,0.1363
4727,1.266,0.1248
4728,1.729,0.1029
4729,2.24,0.0385
4730,1.955,0.1152
4731,1.646,0.1334
4732,0.219,0.0043
4733,1.913,0.0913
4734,1.568,0.0662
4735,4.661,0.1977
4736,0.332,0.0056
4737,1.885,0.1053
4738,0.971,0.0263
4739,2.4,0.1196
4740,2.325,0.0995
4741,2.413,0.0929
4742,0.279,0.0061
4743,1.596,0.0883
4745,1.516,0.0479
4746,1.79,0.1017
4747,1.692,0.1175
4748,1.955,0.0638
4749,1.893,0.0495
4750,1.131,0.0308
4751,2.38,0.1232
4752,1.227,0.0584
4753,1.884,0.0693
4754,2.022,0.0978
4755,1.795,0.2137
4756,1.478,0.0681
4757,1.915,0.0939
4758,0.938,0.0449
4759,1.422,0.0641
4760,7.361,0.0966
4761,2.261,0.1075
4763,2.563,0.1358
4764,1.511,0.0641
4765,2.41,0.2025
4766,1.79,0.0375
4768,2.291,0.0706
4769,1.562,0.05
4770,2.179,0.112
4771,2.135,0.1302
4772,1.547,0.0521
4773,2.048,0.0969
4774,0.925,0.1437
4775,1.101,0.1035
4776,0.327,0.011
4777,2.085,0.0399
4778,2.292,0.1072
4779,1.526,0.0509
4780,0.84,0.1733
4781,1.731,0.1016
4783,1.781,0.0997
4784,1.714,0.109
4785,1.263,0.0542
4786,0.771,0.0275
4787,0.298,0.0043
4788,1.835,0.0967
4789,1.737,0.1456
4790,2.368,0.1178
4791,2.043,0.0576
4792,1.764,0.0956
4793,2.378,0.1263
4794,2.054,0.1849
4795,8.19,0.1228
4796,2.256,0.0594
4797,0.25,0.0396
4798,2.467,0.1176
4799,0.932,0.0368
4800,0.971,0.0715
4801,1.711,0.1045
4802,0.089,0.0006
4803,3.084,0.1218
4804,1.047,0.0425
4805,0.36,0.0092
4806,1.599,0.0447
4807,2.319,0.1026
4808,2.305,0.1341
4809,1.811,0.0501
4810,0.946,0.1503
4811,2.273,0.115
4812,2.442,0.1088
4813,0.956,0.0677
4814,1.702,0.0673
4815,1.966,0.1731
4816,0.722,0.1323
4817,0.829,0.033
4818,0.876,0.1432
4819,2.43,0.0624
4820,2.388,0.1085
4822,1.879,0.0702
4823,1.905,0.0332
4824,1.785,0.0927
4826,0.575,0.0179
4827,1.466,0.1197
4828,1.775,0.1105
4829,1.739,0.0775
4830,1.059,0.1755
4831,1.71,0.1855
4832,1.749,0.0944
4833,2.02,0.134
4834,2.064,0.123
4835,1.006,0.0479
4836,0.84,0.1733
4837,8.497,0.1182
4838,2.773,0.1414
4839,0.099,0.0009
4841,1.896,0.0743
4842,2.564,0.1296
4843,0.877,0.0304
4844,1.029,0.0839
4845,1.387,0.1054
4846,0.211,0.0036
4847,1.536,0.124
4848,6.248,0.0999
4850,1.043,0.0796
4851,2.095,0.1391
4852,2.744,0.0971
4853,1.569,0.1299
4854,1.341,0.0886
4855,0.606,0.0473
4856,1.206,0.0729
4857,2.669,0.1396
4858,1.714,0.1495
4859,2.934,0.1331
4860,1.781,0.0724
4861,1.234,0.096
4862,1.824,0.1696
4863,2.068,0.0853
4864,1.058,0.0616
4865,0.298,0.0068
4866,2.855,0.1405
4867,0.713,0.0163
4868,1.496,0.0543
4869,0.99,0.0734
4870,1.403,0.115
4871,2.955,0.0886
4872,0.922,0.0674
4873,0.22,0.0039
4874,2.274,0.1076
4875,2.474,0.1286
4876,1.245,0.0592
4877,2.123,0.0869
4878,1.12,0.0752
4879,1.28,0.148
4880,2.429,0.1291
4881,1.587,0.0468
4882,1.168,0.0566
4883,1.74,0.04
4884,2.87,0.1402
4885,2.612,0.1316
4886,2.126,0.0899
4887,2.002,0.2167
4889,1.043,0.0791
4890,1.482,0.0814
4891,2.125,0.1083
4892,1.441,0.086
4893,1.955,0.0638
4894,2.487,0.1566
4895,1.205,0.0685
4896,2.527,0.0778
4897,2.289,0.1018
4898,2.958,0.132
4899,2.277,0.1533
4900,2.001,0.0977
4901,1.663,0.1698
4902,1.734,0.1082
4903,1.032,0.0297
4904,0.96,0.0807
4905,1.556,0.0717
4906,1.145,0.1514
4907,1.97,0.1009
4908,1.407,0.1048
4910,1.482,0.0814
4911,1.593,0.1743
4912,2.581,0.1033
4913,2.274,0.1196
4915,1.674,0.1274
4916,3.813,0.0898
4917,1.462,0.0477
4919,2.072,0.1329
4921,2.219,0.174
4922,2.401,0.1572
4923,2.189,0.1291
4924,0.981,0.0365
4925,1.558,0.0787
4926,2.062,0.0553
4927,0.909,0.0449
4928,1.818,0.0871
4929,0.45,0.008
4930,2.715,0.0975
4931,7.414,0.12
4932,0.888,0.0341
4933,1.026,0.035
4934,3.048,0.1249
4935,1.329,0.0646
4936,2.312,0.1134
4937,2.002,0.0677
4938,0.668,0.111
4940,0.541,0.0162
4941,1.313,0.0405
4942,1.384,0.0544
4943,1.931,0.035
4944,0.962,0.0794
4945,2.634,0.1311
4946,0.323,0.0068
4947,1.983,0.1107
4948,2.514,0.1066
4949,0.612,0.0124
4950,1.102,0.0675
4951,1.908,0.0773
4952,2.29,0.1244
4953,1.244,0.066
4954,1.371,0.1514
4955,2.29,0.1192
4956,2.438,0.1303
4957,2.187,0.1022
4958,0.378,0.0166
4959,1.227,0.0845
4960,1.087,0.1271
4961,1.578,0.0976
4962,1.591,0.1454
4964,0.512,0.1369
4965,2.891,0.0902
4966,2.346,0.1184
4967,2.693,0.1237
4968,1.069,0.0457
4969,1.948,0.0493
4970,2.774,0.0915
4971,1.93,0.0605
4972,2.472,0.1057
4973,2.278,0.1116
4974,0.345,0.0069
4975,2.409,0.1231
4976,1.725,0.0358
4977,1.847,0.2064
4978,0.074,0.0005
4979,2.409,0.1231
4981,1.79,0.1098
4982,1.701,0.0712
4983,1.858,0.0355
4984,1.194,0.0577
4985,2.153,0.1156
4986,1.004,0.0396
4987,1.931,0.099
4990,1.384,0.0703
4991,1.113,0.0302
4992,1.235,0.1616
4993,1.356,0.0715
4994,1.376,0.106
4995,1.604,0.1026
4996,2.603,0.1359
4997,0.746,0.1247
4998,2.661,0.116
