ref_date,sec_date,dt_days,pair,ref_granule,sec_granule
2022-01-10,2022-01-22,12,20220110_20220122,S1_045867_IW2_20220110T050913_VV_C6B7-BURST,S1_045867_IW2_20220122T050913_VV_AF6C-BURST
2022-01-10,2022-02-03,24,20220110_20220203,S1_045867_IW2_20220110T050913_VV_C6B7-BURST,S1_045867_IW2_20220203T050912_VV_B4DC-BURST
2022-01-10,2022-02-15,36,20220110_20220215,S1_045867_IW2_20220110T050913_VV_C6B7-BURST,S1_045867_IW2_20220215T050912_VV_6FAE-BURST
2022-01-10,2022-02-27,48,20220110_20220227,S1_045867_IW2_20220110T050913_VV_C6B7-BURST,S1_045867_IW2_20220227T050912_VV_9D26-BURST
2022-01-22,2022-02-03,12,20220122_20220203,S1_045867_IW2_20220122T050913_VV_AF6C-BURST,S1_045867_IW2_20220203T050912_VV_B4DC-BURST
2022-01-22,2022-02-15,24,20220122_20220215,S1_045867_IW2_20220122T050913_VV_AF6C-BURST,S1_045867_IW2_20220215T050912_VV_6FAE-BURST
2022-01-22,2022-02-27,36,20220122_20220227,S1_045867_IW2_20220122T050913_VV_AF6C-BURST,S1_045867_IW2_20220227T050912_VV_9D26-BURST
2022-01-22,2022-03-11,48,20220122_20220311,S1_045867_IW2_20220122T050913_VV_AF6C-BURST,S1_045867_IW2_20220311T050912_VV_B82F-BURST
2022-02-03,2022-02-15,12,20220203_20220215,S1_045867_IW2_20220203T050912_VV_B4DC-BURST,S1_045867_IW2_20220215T050912_VV_6FAE-BURST
2022-02-03,2022-02-27,24,20220203_20220227,S1_045867_IW2_20220203T050912_VV_B4DC-BURST,S1_045867_IW2_20220227T050912_VV_9D26-BURST
2022-02-03,2022-03-11,36,20220203_20220311,S1_045867_IW2_20220203T050912_VV_B4DC-BURST,S1_045867_IW2_20220311T050912_VV_B82F-BURST
2022-02-03,2022-03-23,48,20220203_20220323,S1_045867_IW2_20220203T050912_VV_B4DC-BURST,S1_045867_IW2_20220323T050912_VV_6E61-BURST
2022-02-15,2022-02-27,12,20220215_20220227,S1_045867_IW2_20220215T050912_VV_6FAE-BURST,S1_045867_IW2_20220227T050912_VV_9D26-BURST
2022-02-15,2022-03-11,24,20220215_20220311,S1_045867_IW2_20220215T050912_VV_6FAE-BURST,S1_045867_IW2_20220311T050912_VV_B82F-BURST
2022-02-15,2022-03-23,36,20220215_20220323,S1_045867_IW2_20220215T050912_VV_6FAE-BURST,S1_045867_IW2_20220323T050912_VV_6E61-BURST
2022-02-15,2022-04-04,48,20220215_20220404,S1_045867_IW2_20220215T050912_VV_6FAE-BURST,S1_045867_IW2_20220404T050913_VV_791A-BURST
2022-02-27,2022-03-11,12,20220227_20220311,S1_045867_IW2_20220227T050912_VV_9D26-BURST,S1_045867_IW2_20220311T050912_VV_B82F-BURST
2022-02-27,2022-03-23,24,20220227_20220323,S1_045867_IW2_20220227T050912_VV_9D26-BURST,S1_045867_IW2_20220323T050912_VV_6E61-BURST
2022-02-27,2022-04-04,36,20220227_20220404,S1_045867_IW2_20220227T050912_VV_9D26-BURST,S1_045867_IW2_20220404T050913_VV_791A-BURST
2022-02-27,2022-04-16,48,20220227_20220416,S1_045867_IW2_20220227T050912_VV_9D26-BURST,S1_045867_IW2_20220416T050913_VV_38A1-BURST
2022-03-11,2022-03-23,12,20220311_20220323,S1_045867_IW2_20220311T050912_VV_B82F-BURST,S1_045867_IW2_20220323T050912_VV_6E61-BURST
2022-03-11,2022-04-04,24,20220311_20220404,S1_045867_IW2_20220311T050912_VV_B82F-BURST,S1_045867_IW2_20220404T050913_VV_791A-BURST
2022-03-11,2022-04-16,36,20220311_20220416,S1_045867_IW2_20220311T050912_VV_B82F-BURST,S1_045867_IW2_20220416T050913_VV_38A1-BURST
2022-03-11,2022-04-28,48,20220311_20220428,S1_045867_IW2_20220311T050912_VV_B82F-BURST,S1_045867_IW2_20220428T050913_VV_C5F1-BURST
2022-03-23,2022-04-04,12,20220323_20220404,S1_045867_IW2_20220323T050912_VV_6E61-BURST,S1_045867_IW2_20220404T050913_VV_791A-BURST
2022-03-23,2022-04-16,24,20220323_20220416,S1_045867_IW2_20220323T050912_VV_6E61-BURST,S1_045867_IW2_20220416T050913_VV_38A1-BURST
2022-03-23,2022-04-28,36,20220323_20220428,S1_045867_IW2_20220323T050912_VV_6E61-BURST,S1_045867_IW2_20220428T050913_VV_C5F1-BURST
2022-03-23,2022-05-10,48,20220323_20220510,S1_045867_IW2_20220323T050912_VV_6E61-BURST,S1_045867_IW2_20220510T050914_VV_5684-BURST
2022-04-04,2022-04-16,12,20220404_20220416,S1_045867_IW2_20220404T050913_VV_791A-BURST,S1_045867_IW2_20220416T050913_VV_38A1-BURST
2022-04-04,2022-04-28,24,20220404_20220428,S1_045867_IW2_20220404T050913_VV_791A-BURST,S1_045867_IW2_20220428T050913_VV_C5F1-BURST
2022-04-04,2022-05-10,36,20220404_20220510,S1_045867_IW2_20220404T050913_VV_791A-BURST,S1_045867_IW2_20220510T050914_VV_5684-BURST
2022-04-04,2022-05-22,48,20220404_20220522,S1_045867_IW2_20220404T050913_VV_791A-BURST,S1_045867_IW2_20220522T050915_VV_8706-BURST
2022-04-16,2022-04-28,12,20220416_20220428,S1_045867_IW2_20220416T050913_VV_38A1-BURST,S1_045867_IW2_20220428T050913_VV_C5F1-BURST
2022-04-16,2022-05-10,24,20220416_20220510,S1_045867_IW2_20220416T050913_VV_38A1-BURST,S1_045867_IW2_20220510T050914_VV_5684-BURST
2022-04-16,2022-05-22,36,20220416_20220522,S1_045867_IW2_20220416T050913_VV_38A1-BURST,S1_045867_IW2_20220522T050915_VV_8706-BURST
2022-04-16,2022-06-03,48,20220416_20220603,S1_045867_IW2_20220416T050913_VV_38A1-BURST,S1_045867_IW2_20220603T050916_VV_3AF4-BURST
2022-04-28,2022-05-10,12,20220428_20220510,S1_045867_IW2_20220428T050913_VV_C5F1-BURST,S1_045867_IW2_20220510T050914_VV_5684-BURST
2022-04-28,2022-05-22,24,20220428_20220522,S1_045867_IW2_20220428T050913_VV_C5F1-BURST,S1_045867_IW2_20220522T050915_VV_8706-BURST
2022-04-28,2022-06-03,36,20220428_20220603,S1_045867_IW2_20220428T050913_VV_C5F1-BURST,S1_045867_IW2_20220603T050916_VV_3AF4-BURST
2022-04-28,2022-06-15,48,20220428_20220615,S1_045867_IW2_20220428T050913_VV_C5F1-BURST,S1_045867_IW2_20220615T050916_VV_F752-BURST
2022-05-10,2022-05-22,12,20220510_20220522,S1_045867_IW2_20220510T050914_VV_5684-BURST,S1_045867_IW2_20220522T050915_VV_8706-BURST
2022-05-10,2022-06-03,24,20220510_20220603,S1_045867_IW2_20220510T050914_VV_5684-BURST,S1_045867_IW2_20220603T050916_VV_3AF4-BURST
2022-05-10,2022-06-15,36,20220510_20220615,S1_045867_IW2_20220510T050914_VV_5684-BURST,S1_045867_IW2_20220615T050916_VV_F752-BURST
2022-05-10,2022-06-27,48,20220510_20220627,S1_045867_IW2_20220510T050914_VV_5684-BURST,S1_045867_IW2_20220627T050917_VV_E296-BURST
2022-05-22,2022-06-03,12,20220522_20220603,S1_045867_IW2_20220522T050915_VV_8706-BURST,S1_045867_IW2_20220603T050916_VV_3AF4-BURST
2022-05-22,2022-06-15,24,20220522_20220615,S1_045867_IW2_20220522T050915_VV_8706-BURST,S1_045867_IW2_20220615T050916_VV_F752-BURST
2022-05-22,2022-06-27,36,20220522_20220627,S1_045867_IW2_20220522T050915_VV_8706-BURST,S1_045867_IW2_20220627T050917_VV_E296-BURST
2022-05-22,2022-07-09,48,20220522_20220709,S1_045867_IW2_20220522T050915_VV_8706-BURST,S1_045867_IW2_20220709T050918_VV_6A34-BURST
2022-06-03,2022-06-15,12,20220603_20220615,S1_045867_IW2_20220603T050916_VV_3AF4-BURST,S1_045867_IW2_20220615T050916_VV_F752-BURST
2022-06-03,2022-06-27,24,20220603_20220627,S1_045867_IW2_20220603T050916_VV_3AF4-BURST,S1_045867_IW2_20220627T050917_VV_E296-BURST
2022-06-03,2022-07-09,36,20220603_20220709,S1_045867_IW2_20220603T050916_VV_3AF4-BURST,S1_045867_IW2_20220709T050918_VV_6A34-BURST
2022-06-03,2022-07-21,48,20220603_20220721,S1_045867_IW2_20220603T050916_VV_3AF4-BURST,S1_045867_IW2_20220721T050919_VV_A745-BURST
2022-06-15,2022-06-27,12,20220615_20220627,S1_045867_IW2_20220615T050916_VV_F752-BURST,S1_045867_IW2_20220627T050917_VV_E296-BURST
2022-06-15,2022-07-09,24,20220615_20220709,S1_045867_IW2_20220615T050916_VV_F752-BURST,S1_045867_IW2_20220709T050918_VV_6A34-BURST
2022-06-15,2022-07-21,36,20220615_20220721,S1_045867_IW2_20220615T050916_VV_F752-BURST,S1_045867_IW2_20220721T050919_VV_A745-BURST
2022-06-15,2022-08-02,48,20220615_20220802,S1_045867_IW2_20220615T050916_VV_F752-BURST,S1_045867_IW2_20220802T050920_VV_0913-BURST
2022-06-27,2022-07-09,12,20220627_20220709,S1_045867_IW2_20220627T050917_VV_E296-BURST,S1_045867_IW2_20220709T050918_VV_6A34-BURST
2022-06-27,2022-07-21,24,20220627_20220721,S1_045867_IW2_20220627T050917_VV_E296-BURST,S1_045867_IW2_20220721T050919_VV_A745-BURST
2022-06-27,2022-08-02,36,20220627_20220802,S1_045867_IW2_20220627T050917_VV_E296-BURST,S1_045867_IW2_20220802T050920_VV_0913-BURST
2022-06-27,2022-08-14,48,20220627_20220814,S1_045867_IW2_20220627T050917_VV_E296-BURST,S1_045867_IW2_20220814T050920_VV_875C-BURST
2022-07-09,2022-07-21,12,20220709_20220721,S1_045867_IW2_20220709T050918_VV_6A34-BURST,S1_045867_IW2_20220721T050919_VV_A745-BURST
2022-07-09,2022-08-02,24,20220709_20220802,S1_045867_IW2_20220709T050918_VV_6A34-BURST,S1_045867_IW2_20220802T050920_VV_0913-BURST
2022-07-09,2022-08-14,36,20220709_20220814,S1_045867_IW2_20220709T050918_VV_6A34-BURST,S1_045867_IW2_20220814T050920_VV_875C-BURST
2022-07-09,2022-08-26,48,20220709_20220826,S1_045867_IW2_20220709T050918_VV_6A34-BURST,S1_045867_IW2_20220826T050921_VV_9F78-BURST
2022-07-21,2022-08-02,12,20220721_20220802,S1_045867_IW2_20220721T050919_VV_A745-BURST,S1_045867_IW2_20220802T050920_VV_0913-BURST
2022-07-21,2022-08-14,24,20220721_20220814,S1_045867_IW2_20220721T050919_VV_A745-BURST,S1_045867_IW2_20220814T050920_VV_875C-BURST
2022-07-21,2022-08-26,36,20220721_20220826,S1_045867_IW2_20220721T050919_VV_A745-BURST,S1_045867_IW2_20220826T050921_VV_9F78-BURST
2022-07-21,2022-09-07,48,20220721_20220907,S1_045867_IW2_20220721T050919_VV_A745-BURST,S1_045867_IW2_20220907T050922_VV_3067-BURST
2022-08-02,2022-08-14,12,20220802_20220814,S1_045867_IW2_20220802T050920_VV_0913-BURST,S1_045867_IW2_20220814T050920_VV_875C-BURST
2022-08-02,2022-08-26,24,20220802_20220826,S1_045867_IW2_20220802T050920_VV_0913-BURST,S1_045867_IW2_20220826T050921_VV_9F78-BURST
2022-08-02,2022-09-07,36,20220802_20220907,S1_045867_IW2_20220802T050920_VV_0913-BURST,S1_045867_IW2_20220907T050922_VV_3067-BURST
2022-08-02,2022-09-19,48,20220802_20220919,S1_045867_IW2_20220802T050920_VV_0913-BURST,S1_045867_IW2_20220919T050921_VV_9D42-BURST
2022-08-14,2022-08-26,12,20220814_20220826,S1_045867_IW2_20220814T050920_VV_875C-BURST,S1_045867_IW2_20220826T050921_VV_9F78-BURST
2022-08-14,2022-09-07,24,20220814_20220907,S1_045867_IW2_20220814T050920_VV_875C-BURST,S1_045867_IW2_20220907T050922_VV_3067-BURST
2022-08-14,2022-09-19,36,20220814_20220919,S1_045867_IW2_20220814T050920_VV_875C-BURST,S1_045867_IW2_20220919T050921_VV_9D42-BURST
2022-08-14,2022-10-01,48,20220814_20221001,S1_045867_IW2_20220814T050920_VV_875C-BURST,S1_045867_IW2_20221001T050922_VV_CCBF-BURST
2022-08-26,2022-09-07,12,20220826_20220907,S1_045867_IW2_20220826T050921_VV_9F78-BURST,S1_045867_IW2_20220907T050922_VV_3067-BURST
2022-08-26,2022-09-19,24,20220826_20220919,S1_045867_IW2_20220826T050921_VV_9F78-BURST,S1_045867_IW2_20220919T050921_VV_9D42-BURST
2022-08-26,2022-10-01,36,20220826_20221001,S1_045867_IW2_20220826T050921_VV_9F78-BURST,S1_045867_IW2_20221001T050922_VV_CCBF-BURST
2022-08-26,2022-10-13,48,20220826_20221013,S1_045867_IW2_20220826T050921_VV_9F78-BURST,S1_045867_IW2_20221013T050922_VV_3079-BURST
2022-09-07,2022-09-19,12,20220907_20220919,S1_045867_IW2_20220907T050922_VV_3067-BURST,S1_045867_IW2_20220919T050921_VV_9D42-BURST
2022-09-07,2022-10-01,24,20220907_20221001,S1_045867_IW2_20220907T050922_VV_3067-BURST,S1_045867_IW2_20221001T050922_VV_CCBF-BURST
2022-09-07,2022-10-13,36,20220907_20221013,S1_045867_IW2_20220907T050922_VV_3067-BURST,S1_045867_IW2_20221013T050922_VV_3079-BURST
2022-09-07,2022-10-25,48,20220907_20221025,S1_045867_IW2_20220907T050922_VV_3067-BURST,S1_045867_IW2_20221025T050922_VV_A8B1-BURST
2022-09-19,2022-10-01,12,20220919_20221001,S1_045867_IW2_20220919T050921_VV_9D42-BURST,S1_045867_IW2_20221001T050922_VV_CCBF-BURST
2022-09-19,2022-10-13,24,20220919_20221013,S1_045867_IW2_20220919T050921_VV_9D42-BURST,S1_045867_IW2_20221013T050922_VV_3079-BURST
2022-09-19,2022-10-25,36,20220919_20221025,S1_045867_IW2_20220919T050921_VV_9D42-BURST,S1_045867_IW2_20221025T050922_VV_A8B1-BURST
2022-09-19,2022-11-06,48,20220919_20221106,S1_045867_IW2_20220919T050921_VV_9D42-BURST,S1_045867_IW2_20221106T050922_VV_6D83-BURST
2022-10-01,2022-10-13,12,20221001_20221013,S1_045867_IW2_20221001T050922_VV_CCBF-BURST,S1_045867_IW2_20221013T050922_VV_3079-BURST
2022-10-01,2022-10-25,24,20221001_20221025,S1_045867_IW2_20221001T050922_VV_CCBF-BURST,S1_045867_IW2_20221025T050922_VV_A8B1-BURST
2022-10-01,2022-11-06,36,20221001_20221106,S1_045867_IW2_20221001T050922_VV_CCBF-BURST,S1_045867_IW2_20221106T050922_VV_6D83-BURST
2022-10-01,2022-11-18,48,20221001_20221118,S1_045867_IW2_20221001T050922_VV_CCBF-BURST,S1_045867_IW2_20221118T050922_VV_697E-BURST
2022-10-13,2022-10-25,12,20221013_20221025,S1_045867_IW2_20221013T050922_VV_3079-BURST,S1_045867_IW2_20221025T050922_VV_A8B1-BURST
2022-10-13,2022-11-06,24,20221013_20221106,S1_045867_IW2_20221013T050922_VV_3079-BURST,S1_045867_IW2_20221106T050922_VV_6D83-BURST
2022-10-13,2022-11-18,36,20221013_20221118,S1_045867_IW2_20221013T050922_VV_3079-BURST,S1_045867_IW2_20221118T050922_VV_697E-BURST
2022-10-13,2022-11-30,48,20221013_20221130,S1_045867_IW2_20221013T050922_VV_3079-BURST,S1_045867_IW2_20221130T050921_VV_67BE-BURST
2022-10-25,2022-11-06,12,20221025_20221106,S1_045867_IW2_20221025T050922_VV_A8B1-BURST,S1_045867_IW2_20221106T050922_VV_6D83-BURST
2022-10-25,2022-11-18,24,20221025_20221118,S1_045867_IW2_20221025T050922_VV_A8B1-BURST,S1_045867_IW2_20221118T050922_VV_697E-BURST
2022-10-25,2022-11-30,36,20221025_20221130,S1_045867_IW2_20221025T050922_VV_A8B1-BURST,S1_045867_IW2_20221130T050921_VV_67BE-BURST
2022-10-25,2022-12-12,48,20221025_20221212,S1_045867_IW2_20221025T050922_VV_A8B1-BURST,S1_045867_IW2_20221212T050921_VV_621E-BURST
2022-11-06,2022-11-18,12,20221106_20221118,S1_045867_IW2_20221106T050922_VV_6D83-BURST,S1_045867_IW2_20221118T050922_VV_697E-BURST
2022-11-06,2022-11-30,24,20221106_20221130,S1_045867_IW2_20221106T050922_VV_6D83-BURST,S1_045867_IW2_20221130T050921_VV_67BE-BURST
2022-11-06,2022-12-12,36,20221106_20221212,S1_045867_IW2_20221106T050922_VV_6D83-BURST,S1_045867_IW2_20221212T050921_VV_621E-BURST
2022-11-06,2022-12-24,48,20221106_20221224,S1_045867_IW2_20221106T050922_VV_6D83-BURST,S1_045867_IW2_20221224T050920_VV_BB69-BURST
2022-11-18,2022-11-30,12,20221118_20221130,S1_045867_IW2_20221118T050922_VV_697E-BURST,S1_045867_IW2_20221130T050921_VV_67BE-BURST
2022-11-18,2022-12-12,24,20221118_20221212,S1_045867_IW2_20221118T050922_VV_697E-BURST,S1_045867_IW2_20221212T050921_VV_621E-BURST
2022-11-18,2022-12-24,36,20221118_20221224,S1_045867_IW2_20221118T050922_VV_697E-BURST,S1_045867_IW2_20221224T050920_VV_BB69-BURST
2022-11-18,2023-01-05,48,20221118_20230105,S1_045867_IW2_20221118T050922_VV_697E-BURST,S1_045867_IW2_20230105T050919_VV_7671-BURST
2022-11-30,2022-12-12,12,20221130_20221212,S1_045867_IW2_20221130T050921_VV_67BE-BURST,S1_045867_IW2_20221212T050921_VV_621E-BURST
2022-11-30,2022-12-24,24,20221130_20221224,S1_045867_IW2_20221130T050921_VV_67BE-BURST,S1_045867_IW2_20221224T050920_VV_BB69-BURST
2022-11-30,2023-01-05,36,20221130_20230105,S1_045867_IW2_20221130T050921_VV_67BE-BURST,S1_045867_IW2_20230105T050919_VV_7671-BURST
2022-11-30,2023-01-17,48,20221130_20230117,S1_045867_IW2_20221130T050921_VV_67BE-BURST,S1_045867_IW2_20230117T050918_VV_DE99-BURST
2022-12-12,2022-12-24,12,20221212_20221224,S1_045867_IW2_20221212T050921_VV_621E-BURST,S1_045867_IW2_20221224T050920_VV_BB69-BURST
2022-12-12,2023-01-05,24,20221212_20230105,S1_045867_IW2_20221212T050921_VV_621E-BURST,S1_045867_IW2_20230105T050919_VV_7671-BURST
2022-12-12,2023-01-17,36,20221212_20230117,S1_045867_IW2_20221212T050921_VV_621E-BURST,S1_045867_IW2_20230117T050918_VV_DE99-BURST
2022-12-12,2023-01-29,48,20221212_20230129,S1_045867_IW2_20221212T050921_VV_621E-BURST,S1_045867_IW2_20230129T050919_VV_B81B-BURST
2022-12-24,2023-01-05,12,20221224_20230105,S1_045867_IW2_20221224T050920_VV_BB69-BURST,S1_045867_IW2_20230105T050919_VV_7671-BURST
2022-12-24,2023-01-17,24,20221224_20230117,S1_045867_IW2_20221224T050920_VV_BB69-BURST,S1_045867_IW2_20230117T050918_VV_DE99-BURST
2022-12-24,2023-01-29,36,20221224_20230129,S1_045867_IW2_20221224T050920_VV_BB69-BURST,S1_045867_IW2_20230129T050919_VV_B81B-BURST
2022-12-24,2023-02-10,48,20221224_20230210,S1_045867_IW2_20221224T050920_VV_BB69-BURST,S1_045867_IW2_20230210T050918_VV_C828-BURST
2023-01-05,2023-01-17,12,20230105_20230117,S1_045867_IW2_20230105T050919_VV_7671-BURST,S1_045867_IW2_20230117T050918_VV_DE99-BURST
2023-01-05,2023-01-29,24,20230105_20230129,S1_045867_IW2_20230105T050919_VV_7671-BURST,S1_045867_IW2_20230129T050919_VV_B81B-BURST
2023-01-05,2023-02-10,36,20230105_20230210,S1_045867_IW2_20230105T050919_VV_7671-BURST,S1_045867_IW2_20230210T050918_VV_C828-BURST
2023-01-05,2023-02-22,48,20230105_20230222,S1_045867_IW2_20230105T050919_VV_7671-BURST,S1_045867_IW2_20230222T050917_VV_F784-BURST
2023-01-17,2023-01-29,12,20230117_20230129,S1_045867_IW2_20230117T050918_VV_DE99-BURST,S1_045867_IW2_20230129T050919_VV_B81B-BURST
2023-01-17,2023-02-10,24,20230117_20230210,S1_045867_IW2_20230117T050918_VV_DE99-BURST,S1_045867_IW2_20230210T050918_VV_C828-BURST
2023-01-17,2023-02-22,36,20230117_20230222,S1_045867_IW2_20230117T050918_VV_DE99-BURST,S1_045867_IW2_20230222T050917_VV_F784-BURST
2023-01-17,2023-03-06,48,20230117_20230306,S1_045867_IW2_20230117T050918_VV_DE99-BURST,S1_045867_IW2_20230306T050918_VV_5131-BURST
2023-01-29,2023-02-10,12,20230129_20230210,S1_045867_IW2_20230129T050919_VV_B81B-BURST,S1_045867_IW2_20230210T050918_VV_C828-BURST
2023-01-29,2023-02-22,24,20230129_20230222,S1_045867_IW2_20230129T050919_VV_B81B-BURST,S1_045867_IW2_20230222T050917_VV_F784-BURST
2023-01-29,2023-03-06,36,20230129_20230306,S1_045867_IW2_20230129T050919_VV_B81B-BURST,S1_045867_IW2_20230306T050918_VV_5131-BURST
2023-01-29,2023-03-18,48,20230129_20230318,S1_045867_IW2_20230129T050919_VV_B81B-BURST,S1_045867_IW2_20230318T050918_VV_D4BC-BURST
2023-02-10,2023-02-22,12,20230210_20230222,S1_045867_IW2_20230210T050918_VV_C828-BURST,S1_045867_IW2_20230222T050917_VV_F784-BURST
2023-02-10,2023-03-06,24,20230210_20230306,S1_045867_IW2_20230210T050918_VV_C828-BURST,S1_045867_IW2_20230306T050918_VV_5131-BURST
2023-02-10,2023-03-18,36,20230210_20230318,S1_045867_IW2_20230210T050918_VV_C828-BURST,S1_045867_IW2_20230318T050918_VV_D4BC-BURST
2023-02-10,2023-03-30,48,20230210_20230330,S1_045867_IW2_20230210T050918_VV_C828-BURST,S1_045867_IW2_20230330T050918_VV_ED19-BURST
2023-02-22,2023-03-06,12,20230222_20230306,S1_045867_IW2_20230222T050917_VV_F784-BURST,S1_045867_IW2_20230306T050918_VV_5131-BURST
2023-02-22,2023-03-18,24,20230222_20230318,S1_045867_IW2_20230222T050917_VV_F784-BURST,S1_045867_IW2_20230318T050918_VV_D4BC-BURST
2023-02-22,2023-03-30,36,20230222_20230330,S1_045867_IW2_20230222T050917_VV_F784-BURST,S1_045867_IW2_20230330T050918_VV_ED19-BURST
2023-02-22,2023-04-11,48,20230222_20230411,S1_045867_IW2_20230222T050917_VV_F784-BURST,S1_045867_IW2_20230411T050919_VV_4497-BURST
2023-03-06,2023-03-18,12,20230306_20230318,S1_045867_IW2_20230306T050918_VV_5131-BURST,S1_045867_IW2_20230318T050918_VV_D4BC-BURST
2023-03-06,2023-03-30,24,20230306_20230330,S1_045867_IW2_20230306T050918_VV_5131-BURST,S1_045867_IW2_20230330T050918_VV_ED19-BURST
2023-03-06,2023-04-11,36,20230306_20230411,S1_045867_IW2_20230306T050918_VV_5131-BURST,S1_045867_IW2_20230411T050919_VV_4497-BURST
2023-03-06,2023-04-23,48,20230306_20230423,S1_045867_IW2_20230306T050918_VV_5131-BURST,S1_045867_IW2_20230423T050919_VV_FEC3-BURST
2023-03-18,2023-03-30,12,20230318_20230330,S1_045867_IW2_20230318T050918_VV_D4BC-BURST,S1_045867_IW2_20230330T050918_VV_ED19-BURST
2023-03-18,2023-04-11,24,20230318_20230411,S1_045867_IW2_20230318T050918_VV_D4BC-BURST,S1_045867_IW2_20230411T050919_VV_4497-BURST
2023-03-18,2023-04-23,36,20230318_20230423,S1_045867_IW2_20230318T050918_VV_D4BC-BURST,S1_045867_IW2_20230423T050919_VV_FEC3-BURST
2023-03-18,2023-05-05,48,20230318_20230505,S1_045867_IW2_20230318T050918_VV_D4BC-BURST,S1_045867_IW2_20230505T050919_VV_8B57-BURST
2023-03-30,2023-04-11,12,20230330_20230411,S1_045867_IW2_20230330T050918_VV_ED19-BURST,S1_045867_IW2_20230411T050919_VV_4497-BURST
2023-03-30,2023-04-23,24,20230330_20230423,S1_045867_IW2_20230330T050918_VV_ED19-BURST,S1_045867_IW2_20230423T050919_VV_FEC3-BURST
2023-03-30,2023-05-05,36,20230330_20230505,S1_045867_IW2_20230330T050918_VV_ED19-BURST,S1_045867_IW2_20230505T050919_VV_8B57-BURST
2023-03-30,2023-05-17,48,20230330_20230517,S1_045867_IW2_20230330T050918_VV_ED19-BURST,S1_045867_IW2_20230517T050920_VV_95C9-BURST
2023-04-11,2023-04-23,12,20230411_20230423,S1_045867_IW2_20230411T050919_VV_4497-BURST,S1_045867_IW2_20230423T050919_VV_FEC3-BURST
2023-04-11,2023-05-05,24,20230411_20230505,S1_045867_IW2_20230411T050919_VV_4497-BURST,S1_045867_IW2_20230505T050919_VV_8B57-BURST
2023-04-11,2023-05-17,36,20230411_20230517,S1_045867_IW2_20230411T050919_VV_4497-BURST,S1_045867_IW2_20230517T050920_VV_95C9-BURST
2023-04-11,2023-05-29,48,20230411_20230529,S1_045867_IW2_20230411T050919_VV_4497-BURST,S1_045867_IW2_20230529T050921_VV_C81E-BURST
2023-04-23,2023-05-05,12,20230423_20230505,S1_045867_IW2_20230423T050919_VV_FEC3-BURST,S1_045867_IW2_20230505T050919_VV_8B57-BURST
2023-04-23,2023-05-17,24,20230423_20230517,S1_045867_IW2_20230423T050919_VV_FEC3-BURST,S1_045867_IW2_20230517T050920_VV_95C9-BURST
2023-04-23,2023-05-29,36,20230423_20230529,S1_045867_IW2_20230423T050919_VV_FEC3-BURST,S1_045867_IW2_20230529T050921_VV_C81E-BURST
2023-04-23,2023-06-10,48,20230423_20230610,S1_045867_IW2_20230423T050919_VV_FEC3-BURST,S1_045867_IW2_20230610T050921_VV_F7B3-BURST
2023-05-05,2023-05-17,12,20230505_20230517,S1_045867_IW2_20230505T050919_VV_8B57-BURST,S1_045867_IW2_20230517T050920_VV_95C9-BURST
2023-05-05,2023-05-29,24,20230505_20230529,S1_045867_IW2_20230505T050919_VV_8B57-BURST,S1_045867_IW2_20230529T050921_VV_C81E-BURST
2023-05-05,2023-06-10,36,20230505_20230610,S1_045867_IW2_20230505T050919_VV_8B57-BURST,S1_045867_IW2_20230610T050921_VV_F7B3-BURST
2023-05-05,2023-06-22,48,20230505_20230622,S1_045867_IW2_20230505T050919_VV_8B57-BURST,S1_045867_IW2_20230622T050922_VV_FCF1-BURST
2023-05-17,2023-05-29,12,20230517_20230529,S1_045867_IW2_20230517T050920_VV_95C9-BURST,S1_045867_IW2_20230529T050921_VV_C81E-BURST
2023-05-17,2023-06-10,24,20230517_20230610,S1_045867_IW2_20230517T050920_VV_95C9-BURST,S1_045867_IW2_20230610T050921_VV_F7B3-BURST
2023-05-17,2023-06-22,36,20230517_20230622,S1_045867_IW2_20230517T050920_VV_95C9-BURST,S1_045867_IW2_20230622T050922_VV_FCF1-BURST
2023-05-17,2023-07-04,48,20230517_20230704,S1_045867_IW2_20230517T050920_VV_95C9-BURST,S1_045867_IW2_20230704T050923_VV_9CDB-BURST
2023-05-29,2023-06-10,12,20230529_20230610,S1_045867_IW2_20230529T050921_VV_C81E-BURST,S1_045867_IW2_20230610T050921_VV_F7B3-BURST
2023-05-29,2023-06-22,24,20230529_20230622,S1_045867_IW2_20230529T050921_VV_C81E-BURST,S1_045867_IW2_20230622T050922_VV_FCF1-BURST
2023-05-29,2023-07-04,36,20230529_20230704,S1_045867_IW2_20230529T050921_VV_C81E-BURST,S1_045867_IW2_20230704T050923_VV_9CDB-BURST
2023-05-29,2023-07-16,48,20230529_20230716,S1_045867_IW2_20230529T050921_VV_C81E-BURST,S1_045867_IW2_20230716T050924_VV_A049-BURST
2023-06-10,2023-06-22,12,20230610_20230622,S1_045867_IW2_20230610T050921_VV_F7B3-BURST,S1_045867_IW2_20230622T050922_VV_FCF1-BURST
2023-06-10,2023-07-04,24,20230610_20230704,S1_045867_IW2_20230610T050921_VV_F7B3-BURST,S1_045867_IW2_20230704T050923_VV_9CDB-BURST
2023-06-10,2023-07-16,36,20230610_20230716,S1_045867_IW2_20230610T050921_VV_F7B3-BURST,S1_045867_IW2_20230716T050924_VV_A049-BURST
2023-06-10,2023-07-28,48,20230610_20230728,S1_045867_IW2_20230610T050921_VV_F7B3-BURST,S1_045867_IW2_20230728T050924_VV_212E-BURST
2023-06-22,2023-07-04,12,20230622_20230704,S1_045867_IW2_20230622T050922_VV_FCF1-BURST,S1_045867_IW2_20230704T050923_VV_9CDB-BURST
2023-06-22,2023-07-16,24,20230622_20230716,S1_045867_IW2_20230622T050922_VV_FCF1-BURST,S1_045867_IW2_20230716T050924_VV_A049-BURST
2023-06-22,2023-07-28,36,20230622_20230728,S1_045867_IW2_20230622T050922_VV_FCF1-BURST,S1_045867_IW2_20230728T050924_VV_212E-BURST
2023-06-22,2023-08-09,48,20230622_20230809,S1_045867_IW2_20230622T050922_VV_FCF1-BURST,S1_045867_IW2_20230809T050924_VV_E2B3-BURST
2023-07-04,2023-07-16,12,20230704_20230716,S1_045867_IW2_20230704T050923_VV_9CDB-BURST,S1_045867_IW2_20230716T050924_VV_A049-BURST
2023-07-04,2023-07-28,24,20230704_20230728,S1_045867_IW2_20230704T050923_VV_9CDB-BURST,S1_045867_IW2_20230728T050924_VV_212E-BURST
2023-07-04,2023-08-09,36,20230704_20230809,S1_045867_IW2_20230704T050923_VV_9CDB-BURST,S1_045867_IW2_20230809T050924_VV_E2B3-BURST
2023-07-04,2023-08-21,48,20230704_20230821,S1_045867_IW2_20230704T050923_VV_9CDB-BURST,S1_045867_IW2_20230821T050925_VV_53B5-BURST
2023-07-16,2023-07-28,12,20230716_20230728,S1_045867_IW2_20230716T050924_VV_A049-BURST,S1_045867_IW2_20230728T050924_VV_212E-BURST
2023-07-16,2023-08-09,24,20230716_20230809,S1_045867_IW2_20230716T050924_VV_A049-BURST,S1_045867_IW2_20230809T050924_VV_E2B3-BURST
2023-07-16,2023-08-21,36,20230716_20230821,S1_045867_IW2_20230716T050924_VV_A049-BURST,S1_045867_IW2_20230821T050925_VV_53B5-BURST
2023-07-16,2023-09-02,48,20230716_20230902,S1_045867_IW2_20230716T050924_VV_A049-BURST,S1_045867_IW2_20230902T050926_VV_D0C4-BURST
2023-07-28,2023-08-09,12,20230728_20230809,S1_045867_IW2_20230728T050924_VV_212E-BURST,S1_045867_IW2_20230809T050924_VV_E2B3-BURST
2023-07-28,2023-08-21,24,20230728_20230821,S1_045867_IW2_20230728T050924_VV_212E-BURST,S1_045867_IW2_20230821T050925_VV_53B5-BURST
2023-07-28,2023-09-02,36,20230728_20230902,S1_045867_IW2_20230728T050924_VV_212E-BURST,S1_045867_IW2_20230902T050926_VV_D0C4-BURST
2023-07-28,2023-09-14,48,20230728_20230914,S1_045867_IW2_20230728T050924_VV_212E-BURST,S1_045867_IW2_20230914T050927_VV_E299-BURST
2023-08-09,2023-08-21,12,20230809_20230821,S1_045867_IW2_20230809T050924_VV_E2B3-BURST,S1_045867_IW2_20230821T050925_VV_53B5-BURST
2023-08-09,2023-09-02,24,20230809_20230902,S1_045867_IW2_20230809T050924_VV_E2B3-BURST,S1_045867_IW2_20230902T050926_VV_D0C4-BURST
2023-08-09,2023-09-14,36,20230809_20230914,S1_045867_IW2_20230809T050924_VV_E2B3-BURST,S1_045867_IW2_20230914T050927_VV_E299-BURST
2023-08-09,2023-09-26,48,20230809_20230926,S1_045867_IW2_20230809T050924_VV_E2B3-BURST,S1_045867_IW2_20230926T050927_VV_5C48-BURST
2023-08-21,2023-09-02,12,20230821_20230902,S1_045867_IW2_20230821T050925_VV_53B5-BURST,S1_045867_IW2_20230902T050926_VV_D0C4-BURST
2023-08-21,2023-09-14,24,20230821_20230914,S1_045867_IW2_20230821T050925_VV_53B5-BURST,S1_045867_IW2_20230914T050927_VV_E299-BURST
2023-08-21,2023-09-26,36,20230821_20230926,S1_045867_IW2_20230821T050925_VV_53B5-BURST,S1_045867_IW2_20230926T050927_VV_5C48-BURST
2023-08-21,2023-10-08,48,20230821_20231008,S1_045867_IW2_20230821T050925_VV_53B5-BURST,S1_045867_IW2_20231008T050927_VV_3050-BURST
2023-09-02,2023-09-14,12,20230902_20230914,S1_045867_IW2_20230902T050926_VV_D0C4-BURST,S1_045867_IW2_20230914T050927_VV_E299-BURST
2023-09-02,2023-09-26,24,20230902_20230926,S1_045867_IW2_20230902T050926_VV_D0C4-BURST,S1_045867_IW2_20230926T050927_VV_5C48-BURST
2023-09-02,2023-10-08,36,20230902_20231008,S1_045867_IW2_20230902T050926_VV_D0C4-BURST,S1_045867_IW2_20231008T050927_VV_3050-BURST
2023-09-02,2023-10-20,48,20230902_20231020,S1_045867_IW2_20230902T050926_VV_D0C4-BURST,S1_045867_IW2_20231020T050927_VV_1204-BURST
2023-09-14,2023-09-26,12,20230914_20230926,S1_045867_IW2_20230914T050927_VV_E299-BURST,S1_045867_IW2_20230926T050927_VV_5C48-BURST
2023-09-14,2023-10-08,24,20230914_20231008,S1_045867_IW2_20230914T050927_VV_E299-BURST,S1_045867_IW2_20231008T050927_VV_3050-BURST
2023-09-14,2023-10-20,36,20230914_20231020,S1_045867_IW2_20230914T050927_VV_E299-BURST,S1_045867_IW2_20231020T050927_VV_1204-BURST
2023-09-14,2023-11-01,48,20230914_20231101,S1_045867_IW2_20230914T050927_VV_E299-BURST,S1_045867_IW2_20231101T050927_VV_7A60-BURST
2023-09-26,2023-10-08,12,20230926_20231008,S1_045867_IW2_20230926T050927_VV_5C48-BURST,S1_045867_IW2_20231008T050927_VV_3050-BURST
2023-09-26,2023-10-20,24,20230926_20231020,S1_045867_IW2_20230926T050927_VV_5C48-BURST,S1_045867_IW2_20231020T050927_VV_1204-BURST
2023-09-26,2023-11-01,36,20230926_20231101,S1_045867_IW2_20230926T050927_VV_5C48-BURST,S1_045867_IW2_20231101T050927_VV_7A60-BURST
2023-09-26,2023-11-13,48,20230926_20231113,S1_045867_IW2_20230926T050927_VV_5C48-BURST,S1_045867_IW2_20231113T050927_VV_A8B4-BURST
2023-10-08,2023-10-20,12,20231008_20231020,S1_045867_IW2_20231008T050927_VV_3050-BURST,S1_045867_IW2_20231020T050927_VV_1204-BURST
2023-10-08,2023-11-01,24,20231008_20231101,S1_045867_IW2_20231008T050927_VV_3050-BURST,S1_045867_IW2_20231101T050927_VV_7A60-BURST
2023-10-08,2023-11-13,36,20231008_20231113,S1_045867_IW2_20231008T050927_VV_3050-BURST,S1_045867_IW2_20231113T050927_VV_A8B4-BURST
2023-10-08,2023-11-25,48,20231008_20231125,S1_045867_IW2_20231008T050927_VV_3050-BURST,S1_045867_IW2_20231125T050926_VV_EAD1-BURST
2023-10-20,2023-11-01,12,20231020_20231101,S1_045867_IW2_20231020T050927_VV_1204-BURST,S1_045867_IW2_20231101T050927_VV_7A60-BURST
2023-10-20,2023-11-13,24,20231020_20231113,S1_045867_IW2_20231020T050927_VV_1204-BURST,S1_045867_IW2_20231113T050927_VV_A8B4-BURST
2023-10-20,2023-11-25,36,20231020_20231125,S1_045867_IW2_20231020T050927_VV_1204-BURST,S1_045867_IW2_20231125T050926_VV_EAD1-BURST
2023-10-20,2023-12-07,48,20231020_20231207,S1_045867_IW2_20231020T050927_VV_1204-BURST,S1_045867_IW2_20231207T050926_VV_1E15-BURST
2023-11-01,2023-11-13,12,20231101_20231113,S1_045867_IW2_20231101T050927_VV_7A60-BURST,S1_045867_IW2_20231113T050927_VV_A8B4-BURST
2023-11-01,2023-11-25,24,20231101_20231125,S1_045867_IW2_20231101T050927_VV_7A60-BURST,S1_045867_IW2_20231125T050926_VV_EAD1-BURST
2023-11-01,2023-12-07,36,20231101_20231207,S1_045867_IW2_20231101T050927_VV_7A60-BURST,S1_045867_IW2_20231207T050926_VV_1E15-BURST
2023-11-01,2023-12-19,48,20231101_20231219,S1_045867_IW2_20231101T050927_VV_7A60-BURST,S1_045867_IW2_20231219T050925_VV_3E6C-BURST
2023-11-13,2023-11-25,12,20231113_20231125,S1_045867_IW2_20231113T050927_VV_A8B4-BURST,S1_045867_IW2_20231125T050926_VV_EAD1-BURST
2023-11-13,2023-12-07,24,20231113_20231207,S1_045867_IW2_20231113T050927_VV_A8B4-BURST,S1_045867_IW2_20231207T050926_VV_1E15-BURST
2023-11-13,2023-12-19,36,20231113_20231219,S1_045867_IW2_20231113T050927_VV_A8B4-BURST,S1_045867_IW2_20231219T050925_VV_3E6C-BURST
2023-11-13,2023-12-31,48,20231113_20231231,S1_045867_IW2_20231113T050927_VV_A8B4-BURST,S1_045867_IW2_20231231T050924_VV_A7F1-BURST
2023-11-25,2023-12-07,12,20231125_20231207,S1_045867_IW2_20231125T050926_VV_EAD1-BURST,S1_045867_IW2_20231207T050926_VV_1E15-BURST
2023-11-25,2023-12-19,24,20231125_20231219,S1_045867_IW2_20231125T050926_VV_EAD1-BURST,S1_045867_IW2_20231219T050925_VV_3E6C-BURST
2023-11-25,2023-12-31,36,20231125_20231231,S1_045867_IW2_20231125T050926_VV_EAD1-BURST,S1_045867_IW2_20231231T050924_VV_A7F1-BURST
2023-11-25,2024-01-12,48,20231125_20240112,S1_045867_IW2_20231125T050926_VV_EAD1-BURST,S1_045867_IW2_20240112T050924_VV_206E-BURST
2023-12-07,2023-12-19,12,20231207_20231219,S1_045867_IW2_20231207T050926_VV_1E15-BURST,S1_045867_IW2_20231219T050925_VV_3E6C-BURST
2023-12-07,2023-12-31,24,20231207_20231231,S1_045867_IW2_20231207T050926_VV_1E15-BURST,S1_045867_IW2_20231231T050924_VV_A7F1-BURST
2023-12-07,2024-01-12,36,20231207_20240112,S1_045867_IW2_20231207T050926_VV_1E15-BURST,S1_045867_IW2_20240112T050924_VV_206E-BURST
2023-12-07,2024-01-24,48,20231207_20240124,S1_045867_IW2_20231207T050926_VV_1E15-BURST,S1_045867_IW2_20240124T050923_VV_8033-BURST
2023-12-19,2023-12-31,12,20231219_20231231,S1_045867_IW2_20231219T050925_VV_3E6C-BURST,S1_045867_IW2_20231231T050924_VV_A7F1-BURST
2023-12-19,2024-01-12,24,20231219_20240112,S1_045867_IW2_20231219T050925_VV_3E6C-BURST,S1_045867_IW2_20240112T050924_VV_206E-BURST
2023-12-19,2024-01-24,36,20231219_20240124,S1_045867_IW2_20231219T050925_VV_3E6C-BURST,S1_045867_IW2_20240124T050923_VV_8033-BURST
2023-12-19,2024-02-05,48,20231219_20240205,S1_045867_IW2_20231219T050925_VV_3E6C-BURST,S1_045867_IW2_20240205T050923_VV_67AD-BURST
2023-12-31,2024-01-12,12,20231231_20240112,S1_045867_IW2_20231231T050924_VV_A7F1-BURST,S1_045867_IW2_20240112T050924_VV_206E-BURST
2023-12-31,2024-01-24,24,20231231_20240124,S1_045867_IW2_20231231T050924_VV_A7F1-BURST,S1_045867_IW2_20240124T050923_VV_8033-BURST
2023-12-31,2024-02-05,36,20231231_20240205,S1_045867_IW2_20231231T050924_VV_A7F1-BURST,S1_045867_IW2_20240205T050923_VV_67AD-BURST
2023-12-31,2024-02-17,48,20231231_20240217,S1_045867_IW2_20231231T050924_VV_A7F1-BURST,S1_045867_IW2_20240217T050923_VV_6655-BURST
2024-01-12,2024-01-24,12,20240112_20240124,S1_045867_IW2_20240112T050924_VV_206E-BURST,S1_045867_IW2_20240124T050923_VV_8033-BURST
2024-01-12,2024-02-05,24,20240112_20240205,S1_045867_IW2_20240112T050924_VV_206E-BURST,S1_045867_IW2_20240205T050923_VV_67AD-BURST
2024-01-12,2024-02-17,36,20240112_20240217,S1_045867_IW2_20240112T050924_VV_206E-BURST,S1_045867_IW2_20240217T050923_VV_6655-BURST
2024-01-12,2024-02-29,48,20240112_20240229,S1_045867_IW2_20240112T050924_VV_206E-BURST,S1_045867_IW2_20240229T050923_VV_6FDD-BURST
2024-01-24,2024-02-05,12,20240124_20240205,S1_045867_IW2_20240124T050923_VV_8033-BURST,S1_045867_IW2_20240205T050923_VV_67AD-BURST
2024-01-24,2024-02-17,24,20240124_20240217,S1_045867_IW2_20240124T050923_VV_8033-BURST,S1_045867_IW2_20240217T050923_VV_6655-BURST
2024-01-24,2024-02-29,36,20240124_20240229,S1_045867_IW2_20240124T050923_VV_8033-BURST,S1_045867_IW2_20240229T050923_VV_6FDD-BURST
2024-01-24,2024-03-12,48,20240124_20240312,S1_045867_IW2_20240124T050923_VV_8033-BURST,S1_045867_IW2_20240312T050923_VV_E8B1-BURST
2024-02-05,2024-02-17,12,20240205_20240217,S1_045867_IW2_20240205T050923_VV_67AD-BURST,S1_045867_IW2_20240217T050923_VV_6655-BURST
2024-02-05,2024-02-29,24,20240205_20240229,S1_045867_IW2_20240205T050923_VV_67AD-BURST,S1_045867_IW2_20240229T050923_VV_6FDD-BURST
2024-02-05,2024-03-12,36,20240205_20240312,S1_045867_IW2_20240205T050923_VV_67AD-BURST,S1_045867_IW2_20240312T050923_VV_E8B1-BURST
2024-02-05,2024-03-24,48,20240205_20240324,S1_045867_IW2_20240205T050923_VV_67AD-BURST,S1_045867_IW2_20240324T050923_VV_E19E-BURST
2024-02-17,2024-02-29,12,20240217_20240229,S1_045867_IW2_20240217T050923_VV_6655-BURST,S1_045867_IW2_20240229T050923_VV_6FDD-BURST
2024-02-17,2024-03-12,24,20240217_20240312,S1_045867_IW2_20240217T050923_VV_6655-BURST,S1_045867_IW2_20240312T050923_VV_E8B1-BURST
2024-02-17,2024-03-24,36,20240217_20240324,S1_045867_IW2_20240217T050923_VV_6655-BURST,S1_045867_IW2_20240324T050923_VV_E19E-BURST
2024-02-17,2024-04-05,48,20240217_20240405,S1_045867_IW2_20240217T050923_VV_6655-BURST,S1_045867_IW2_20240405T050924_VV_7268-BURST
2024-02-29,2024-03-12,12,20240229_20240312,S1_045867_IW2_20240229T050923_VV_6FDD-BURST,S1_045867_IW2_20240312T050923_VV_E8B1-BURST
2024-02-29,2024-03-24,24,20240229_20240324,S1_045867_IW2_20240229T050923_VV_6FDD-BURST,S1_045867_IW2_20240324T050923_VV_E19E-BURST
2024-02-29,2024-04-05,36,20240229_20240405,S1_045867_IW2_20240229T050923_VV_6FDD-BURST,S1_045867_IW2_20240405T050924_VV_7268-BURST
2024-02-29,2024-04-17,48,20240229_20240417,S1_045867_IW2_20240229T050923_VV_6FDD-BURST,S1_045867_IW2_20240417T050924_VV_B4FA-BURST
2024-03-12,2024-03-24,12,20240312_20240324,S1_045867_IW2_20240312T050923_VV_E8B1-BURST,S1_045867_IW2_20240324T050923_VV_E19E-BURST
2024-03-12,2024-04-05,24,20240312_20240405,S1_045867_IW2_20240312T050923_VV_E8B1-BURST,S1_045867_IW2_20240405T050924_VV_7268-BURST
2024-03-12,2024-04-17,36,20240312_20240417,S1_045867_IW2_20240312T050923_VV_E8B1-BURST,S1_045867_IW2_20240417T050924_VV_B4FA-BURST
2024-03-12,2024-04-29,48,20240312_20240429,S1_045867_IW2_20240312T050923_VV_E8B1-BURST,S1_045867_IW2_20240429T050924_VV_1DE9-BURST
2024-03-24,2024-04-05,12,20240324_20240405,S1_045867_IW2_20240324T050923_VV_E19E-BURST,S1_045867_IW2_20240405T050924_VV_7268-BURST
2024-03-24,2024-04-17,24,20240324_20240417,S1_045867_IW2_20240324T050923_VV_E19E-BURST,S1_045867_IW2_20240417T050924_VV_B4FA-BURST
2024-03-24,2024-04-29,36,20240324_20240429,S1_045867_IW2_20240324T050923_VV_E19E-BURST,S1_045867_IW2_20240429T050924_VV_1DE9-BURST
2024-03-24,2024-05-11,48,20240324_20240511,S1_045867_IW2_20240324T050923_VV_E19E-BURST,S1_045867_IW2_20240511T050924_VV_59B3-BURST
2024-04-05,2024-04-17,12,20240405_20240417,S1_045867_IW2_20240405T050924_VV_7268-BURST,S1_045867_IW2_20240417T050924_VV_B4FA-BURST
2024-04-05,2024-04-29,24,20240405_20240429,S1_045867_IW2_20240405T050924_VV_7268-BURST,S1_045867_IW2_20240429T050924_VV_1DE9-BURST
2024-04-05,2024-05-11,36,20240405_20240511,S1_045867_IW2_20240405T050924_VV_7268-BURST,S1_045867_IW2_20240511T050924_VV_59B3-BURST
2024-04-05,2024-05-23,48,20240405_20240523,S1_045867_IW2_20240405T050924_VV_7268-BURST,S1_045867_IW2_20240523T050924_VV_1FAE-BURST
2024-04-17,2024-04-29,12,20240417_20240429,S1_045867_IW2_20240417T050924_VV_B4FA-BURST,S1_045867_IW2_20240429T050924_VV_1DE9-BURST
2024-04-17,2024-05-11,24,20240417_20240511,S1_045867_IW2_20240417T050924_VV_B4FA-BURST,S1_045867_IW2_20240511T050924_VV_59B3-BURST
2024-04-17,2024-05-23,36,20240417_20240523,S1_045867_IW2_20240417T050924_VV_B4FA-BURST,S1_045867_IW2_20240523T050924_VV_1FAE-BURST
2024-04-17,2024-06-04,48,20240417_20240604,S1_045867_IW2_20240417T050924_VV_B4FA-BURST,S1_045867_IW2_20240604T050924_VV_79C9-BURST
2024-04-29,2024-05-11,12,20240429_20240511,S1_045867_IW2_20240429T050924_VV_1DE9-BURST,S1_045867_IW2_20240511T050924_VV_59B3-BURST
2024-04-29,2024-05-23,24,20240429_20240523,S1_045867_IW2_20240429T050924_VV_1DE9-BURST,S1_045867_IW2_20240523T050924_VV_1FAE-BURST
2024-04-29,2024-06-04,36,20240429_20240604,S1_045867_IW2_20240429T050924_VV_1DE9-BURST,S1_045867_IW2_20240604T050924_VV_79C9-BURST
2024-04-29,2024-06-16,48,20240429_20240616,S1_045867_IW2_20240429T050924_VV_1DE9-BURST,S1_045867_IW2_20240616T050923_VV_1C3D-BURST
2024-05-11,2024-05-23,12,20240511_20240523,S1_045867_IW2_20240511T050924_VV_59B3-BURST,S1_045867_IW2_20240523T050924_VV_1FAE-BURST
2024-05-11,2024-06-04,24,20240511_20240604,S1_045867_IW2_20240511T050924_VV_59B3-BURST,S1_045867_IW2_20240604T050924_VV_79C9-BURST
2024-05-11,2024-06-16,36,20240511_20240616,S1_045867_IW2_20240511T050924_VV_59B3-BURST,S1_045867_IW2_20240616T050923_VV_1C3D-BURST
2024-05-23,2024-06-04,12,20240523_20240604,S1_045867_IW2_20240523T050924_VV_1FAE-BURST,S1_045867_IW2_20240604T050924_VV_79C9-BURST
2024-05-23,2024-06-16,24,20240523_20240616,S1_045867_IW2_20240523T050924_VV_1FAE-BURST,S1_045867_IW2_20240616T050923_VV_1C3D-BURST
2024-05-23,2024-07-10,48,20240523_20240710,S1_045867_IW2_20240523T050924_VV_1FAE-BURST,S1_045867_IW2_20240710T050922_VV_3C4E-BURST
2024-06-04,2024-06-16,12,20240604_20240616,S1_045867_IW2_20240604T050924_VV_79C9-BURST,S1_045867_IW2_20240616T050923_VV_1C3D-BURST
2024-06-04,2024-07-10,36,20240604_20240710,S1_045867_IW2_20240604T050924_VV_79C9-BURST,S1_045867_IW2_20240710T050922_VV_3C4E-BURST
2024-06-04,2024-07-22,48,20240604_20240722,S1_045867_IW2_20240604T050924_VV_79C9-BURST,S1_045867_IW2_20240722T050922_VV_10FA-BURST
2024-06-16,2024-07-10,24,20240616_20240710,S1_045867_IW2_20240616T050923_VV_1C3D-BURST,S1_045867_IW2_20240710T050922_VV_3C4E-BURST
2024-06-16,2024-07-22,36,20240616_20240722,S1_045867_IW2_20240616T050923_VV_1C3D-BURST,S1_045867_IW2_20240722T050922_VV_10FA-BURST
2024-06-16,2024-08-03,48,20240616_20240803,S1_045867_IW2_20240616T050923_VV_1C3D-BURST,S1_045867_IW2_20240803T050922_VV_CF6F-BURST
2024-07-10,2024-07-22,12,20240710_20240722,S1_045867_IW2_20240710T050922_VV_3C4E-BURST,S1_045867_IW2_20240722T050922_VV_10FA-BURST
2024-07-10,2024-08-03,24,20240710_20240803,S1_045867_IW2_20240710T050922_VV_3C4E-BURST,S1_045867_IW2_20240803T050922_VV_CF6F-BURST
2024-07-10,2024-08-15,36,20240710_20240815,S1_045867_IW2_20240710T050922_VV_3C4E-BURST,S1_045867_IW2_20240815T050922_VV_0513-BURST
2024-07-10,2024-08-27,48,20240710_20240827,S1_045867_IW2_20240710T050922_VV_3C4E-BURST,S1_045867_IW2_20240827T050922_VV_9BBC-BURST
2024-07-22,2024-08-03,12,20240722_20240803,S1_045867_IW2_20240722T050922_VV_10FA-BURST,S1_045867_IW2_20240803T050922_VV_CF6F-BURST
2024-07-22,2024-08-15,24,20240722_20240815,S1_045867_IW2_20240722T050922_VV_10FA-BURST,S1_045867_IW2_20240815T050922_VV_0513-BURST
2024-07-22,2024-08-27,36,20240722_20240827,S1_045867_IW2_20240722T050922_VV_10FA-BURST,S1_045867_IW2_20240827T050922_VV_9BBC-BURST
2024-07-22,2024-09-08,48,20240722_20240908,S1_045867_IW2_20240722T050922_VV_10FA-BURST,S1_045867_IW2_20240908T050922_VV_2D2C-BURST
2024-08-03,2024-08-15,12,20240803_20240815,S1_045867_IW2_20240803T050922_VV_CF6F-BURST,S1_045867_IW2_20240815T050922_VV_0513-BURST
2024-08-03,2024-08-27,24,20240803_20240827,S1_045867_IW2_20240803T050922_VV_CF6F-BURST,S1_045867_IW2_20240827T050922_VV_9BBC-BURST
2024-08-03,2024-09-08,36,20240803_20240908,S1_045867_IW2_20240803T050922_VV_CF6F-BURST,S1_045867_IW2_20240908T050922_VV_2D2C-BURST
2024-08-03,2024-09-20,48,20240803_20240920,S1_045867_IW2_20240803T050922_VV_CF6F-BURST,S1_045867_IW2_20240920T050923_VV_01ED-BURST
2024-08-15,2024-08-27,12,20240815_20240827,S1_045867_IW2_20240815T050922_VV_0513-BURST,S1_045867_IW2_20240827T050922_VV_9BBC-BURST
2024-08-15,2024-09-08,24,20240815_20240908,S1_045867_IW2_20240815T050922_VV_0513-BURST,S1_045867_IW2_20240908T050922_VV_2D2C-BURST
2024-08-15,2024-09-20,36,20240815_20240920,S1_045867_IW2_20240815T050922_VV_0513-BURST,S1_045867_IW2_20240920T050923_VV_01ED-BURST
2024-08-15,2024-10-02,48,20240815_20241002,S1_045867_IW2_20240815T050922_VV_0513-BURST,S1_045867_IW2_20241002T050923_VV_86BF-BURST
2024-08-27,2024-09-08,12,20240827_20240908,S1_045867_IW2_20240827T050922_VV_9BBC-BURST,S1_045867_IW2_20240908T050922_VV_2D2C-BURST
2024-08-27,2024-09-20,24,20240827_20240920,S1_045867_IW2_20240827T050922_VV_9BBC-BURST,S1_045867_IW2_20240920T050923_VV_01ED-BURST
2024-08-27,2024-10-02,36,20240827_20241002,S1_045867_IW2_20240827T050922_VV_9BBC-BURST,S1_045867_IW2_20241002T050923_VV_86BF-BURST
2024-08-27,2024-10-14,48,20240827_20241014,S1_045867_IW2_20240827T050922_VV_9BBC-BURST,S1_045867_IW2_20241014T050923_VV_B810-BURST
2024-09-08,2024-09-20,12,20240908_20240920,S1_045867_IW2_20240908T050922_VV_2D2C-BURST,S1_045867_IW2_20240920T050923_VV_01ED-BURST
2024-09-08,2024-10-02,24,20240908_20241002,S1_045867_IW2_20240908T050922_VV_2D2C-BURST,S1_045867_IW2_20241002T050923_VV_86BF-BURST
2024-09-08,2024-10-14,36,20240908_20241014,S1_045867_IW2_20240908T050922_VV_2D2C-BURST,S1_045867_IW2_20241014T050923_VV_B810-BURST
2024-09-08,2024-10-26,48,20240908_20241026,S1_045867_IW2_20240908T050922_VV_2D2C-BURST,S1_045867_IW2_20241026T050923_VV_8FFD-BURST
2024-09-20,2024-10-02,12,20240920_20241002,S1_045867_IW2_20240920T050923_VV_01ED-BURST,S1_045867_IW2_20241002T050923_VV_86BF-BURST
2024-09-20,2024-10-14,24,20240920_20241014,S1_045867_IW2_20240920T050923_VV_01ED-BURST,S1_045867_IW2_20241014T050923_VV_B810-BURST
2024-09-20,2024-10-26,36,20240920_20241026,S1_045867_IW2_20240920T050923_VV_01ED-BURST,S1_045867_IW2_20241026T050923_VV_8FFD-BURST
2024-09-20,2024-11-07,48,20240920_20241107,S1_045867_IW2_20240920T050923_VV_01ED-BURST,S1_045867_IW2_20241107T050923_VV_EBAD-BURST
2024-10-02,2024-10-14,12,20241002_20241014,S1_045867_IW2_20241002T050923_VV_86BF-BURST,S1_045867_IW2_20241014T050923_VV_B810-BURST
2024-10-02,2024-10-26,24,20241002_20241026,S1_045867_IW2_20241002T050923_VV_86BF-BURST,S1_045867_IW2_20241026T050923_VV_8FFD-BURST
2024-10-02,2024-11-07,36,20241002_20241107,S1_045867_IW2_20241002T050923_VV_86BF-BURST,S1_045867_IW2_20241107T050923_VV_EBAD-BURST
2024-10-02,2024-11-19,48,20241002_20241119,S1_045867_IW2_20241002T050923_VV_86BF-BURST,S1_045867_IW2_20241119T050922_VV_AE4C-BURST
2024-10-14,2024-10-26,12,20241014_20241026,S1_045867_IW2_20241014T050923_VV_B810-BURST,S1_045867_IW2_20241026T050923_VV_8FFD-BURST
2024-10-14,2024-11-07,24,20241014_20241107,S1_045867_IW2_20241014T050923_VV_B810-BURST,S1_045867_IW2_20241107T050923_VV_EBAD-BURST
2024-10-14,2024-11-19,36,20241014_20241119,S1_045867_IW2_20241014T050923_VV_B810-BURST,S1_045867_IW2_20241119T050922_VV_AE4C-BURST
2024-10-26,2024-11-07,12,20241026_20241107,S1_045867_IW2_20241026T050923_VV_8FFD-BURST,S1_045867_IW2_20241107T050923_VV_EBAD-BURST
2024-10-26,2024-11-19,24,20241026_20241119,S1_045867_IW2_20241026T050923_VV_8FFD-BURST,S1_045867_IW2_20241119T050922_VV_AE4C-BURST
2024-10-26,2024-12-13,48,20241026_20241213,S1_045867_IW2_20241026T050923_VV_8FFD-BURST,S1_045867_IW2_20241213T050921_VV_4B83-BURST
2024-11-07,2024-11-19,12,20241107_20241119,S1_045867_IW2_20241107T050923_VV_EBAD-BURST,S1_045867_IW2_20241119T050922_VV_AE4C-BURST
2024-11-07,2024-12-13,36,20241107_20241213,S1_045867_IW2_20241107T050923_VV_EBAD-BURST,S1_045867_IW2_20241213T050921_VV_4B83-BURST
2024-11-07,2024-12-25,48,20241107_20241225,S1_045867_IW2_20241107T050923_VV_EBAD-BURST,S1_045867_IW2_20241225T050919_VV_7A63-BURST
2024-11-19,2024-12-13,24,20241119_20241213,S1_045867_IW2_20241119T050922_VV_AE4C-BURST,S1_045867_IW2_20241213T050921_VV_4B83-BURST
2024-11-19,2024-12-25,36,20241119_20241225,S1_045867_IW2_20241119T050922_VV_AE4C-BURST,S1_045867_IW2_20241225T050919_VV_7A63-BURST
2024-12-13,2024-12-25,12,20241213_20241225,S1_045867_IW2_20241213T050921_VV_4B83-BURST,S1_045867_IW2_20241225T050919_VV_7A63-BURST
