granule,date,datetime,flight_direction,relative_orbit,full_burst_id,subswath,polarization,platform
S1_154962_IW2_20220101T164428_VV_DEF2-BURST,2022-01-01,2022-01-01 16:44:29,ASCENDING,73,073_154962_IW2,IW2,VV,SENTINEL-1A
S1_374052_IW1_20220108T163616_VV_A8B8-BURST,2022-01-08,2022-01-08 16:36:18,ASCENDING,175,175_374052_IW1,IW1,VV,SENTINEL-1A
S1_374053_IW1_20220108T163619_VV_F433-BURST,2022-01-08,2022-01-08 16:36:20,ASCENDING,175,175_374053_IW1,IW1,VV,SENTINEL-1A
S1_045866_IW2_20220110T050911_VV_C6B7-BURST,2022-01-10,2022-01-10 05:09:12,DESCENDING,22,022_045866_IW2,IW2,VV,SENTINEL-1A
S1_045867_IW2_20220110T050913_VV_C6B7-BURST,2022-01-10,2022-01-10 05:09:14,DESCENDING,22,022_045867_IW2,IW2,VV,SENTINEL-1A
S1_154962_IW2_20220113T164427_VV_5F05-BURST,2022-01-13,2022-01-13 16:44:28,ASCENDING,73,073_154962_IW2,IW2,VV,SENTINEL-1A
S1_374052_IW1_20220120T163616_VV_C0C1-BURST,2022-01-20,2022-01-20 16:36:17,ASCENDING,175,175_374052_IW1,IW1,VV,SENTINEL-1A
S1_374053_IW1_20220120T163618_VV_B3EC-BURST,2022-01-20,2022-01-20 16:36:20,ASCENDING,175,175_374053_IW1,IW1,VV,SENTINEL-1A
S1_045866_IW2_20220122T050910_VV_AF6C-BURST,2022-01-22,2022-01-22 05:09:11,DESCENDING,22,022_045866_IW2,IW2,VV,SENTINEL-1A
S1_045867_IW2_20220122T050913_VV_AF6C-BURST,2022-01-22,2022-01-22 05:09:14,DESCENDING,22,022_045867_IW2,IW2,VV,SENTINEL-1A
S1_154962_IW2_20220125T164427_VV_D35B-BURST,2022-01-25,2022-01-25 16:44:28,ASCENDING,73,073_154962_IW2,IW2,VV,SENTINEL-1A
S1_374052_IW1_20220201T163615_VV_D5E8-BURST,2022-02-01,2022-02-01 16:36:16,ASCENDING,175,175_374052_IW1,IW1,VV,SENTINEL-1A
S1_374053_IW1_20220201T163618_VV_56C7-BURST,2022-02-01,2022-02-01 16:36:19,ASCENDING,175,175_374053_IW1,IW1,VV,SENTINEL-1A
S1_045866_IW2_20220203T050909_VV_B4DC-BURST,2022-02-03,2022-02-03 05:09:10,DESCENDING,22,022_045866_IW2,IW2,VV,SENTINEL-1A
S1_045867_IW2_20220203T050912_VV_B4DC-BURST,2022-02-03,2022-02-03 05:09:13,DESCENDING,22,022_045867_IW2,IW2,VV,SENTINEL-1A
S1_154962_IW2_20220206T164426_VV_343A-BURST,2022-02-06,2022-02-06 16:44:27,ASCENDING,73,073_154962_IW2,IW2,VV,SENTINEL-1A
S1_374052_IW1_20220213T163615_VV_C5E8-BURST,2022-02-13,2022-02-13 16:36:16,ASCENDING,175,175_374052_IW1,IW1,VV,SENTINEL-1A
S1_374053_IW1_20220213T163618_VV_87F0-BURST,2022-02-13,2022-02-13 16:36:19,ASCENDING,175,175_374053_IW1,IW1,VV,SENTINEL-1A
S1_045866_IW2_20220215T050909_VV_6FAE-BURST,2022-02-15,2022-02-15 05:09:10,DESCENDING,22,022_045866_IW2,IW2,VV,SENTINEL-1A
S1_045867_IW2_20220215T050912_VV_6FAE-BURST,2022-02-15,2022-02-15 05:09:13,DESCENDING,22,022_045867_IW2,IW2,VV,SENTINEL-1A
S1_154962_IW2_20220218T164426_VV_554D-BURST,2022-02-18,2022-02-18 16:44:27,ASCENDING,73,073_154962_IW2,IW2,VV,SENTINEL-1A
S1_374052_IW1_20220225T163615_VV_0F38-BURST,2022-02-25,2022-02-25 16:36:16,ASCENDING,175,175_374052_IW1,IW1,VV,SENTINEL-1A
S1_374053_IW1_20220225T163618_VV_B04B-BURST,2022-02-25,2022-02-25 16:36:19,ASCENDING,175,175_374053_IW1,IW1,VV,SENTINEL-1A
S1_045866_IW2_20220227T050909_VV_9D26-BURST,2022-02-27,2022-02-27 05:09:10,DESCENDING,22,022_045866_IW2,IW2,VV,SENTINEL-1A
S1_045867_IW2_20220227T050912_VV_9D26-BURST,2022-02-27,2022-02-27 05:09:13,DESCENDING,22,022_045867_IW2,IW2,VV,SENTINEL-1A
S1_154962_IW2_20220302T164426_VV_4533-BURST,2022-03-02,2022-03-02 16:44:27,ASCENDING,73,073_154962_IW2,IW2,VV,SENTINEL-1A
S1_374052_IW1_20220309T163615_VV_EEB8-BURST,2022-03-09,2022-03-09 16:36:16,ASCENDING,175,175_374052_IW1,IW1,VV,SENTINEL-1A
S1_374053_IW1_20220309T163618_VV_6052-BURST,2022-03-09,2022-03-09 16:36:19,ASCENDING,175,175_374053_IW1,IW1,VV,SENTINEL-1A
S1_045866_IW2_20220311T050909_VV_B82F-BURST,2022-03-11,2022-03-11 05:09:10,DESCENDING,22,022_045866_IW2,IW2,VV,SENTINEL-1A
S1_045867_IW2_20220311T050912_VV_B82F-BURST,2022-03-11,2022-03-11 05:09:13,DESCENDING,22,022_045867_IW2,IW2,VV,SENTINEL-1A
S1_154962_IW2_20220314T164426_VV_5988-BURST,2022-03-14,2022-03-14 16:44:27,ASCENDING,73,073_154962_IW2,IW2,VV,SENTINEL-1A
S1_374052_IW1_20220321T163615_VV_DE95-BURST,2022-03-21,2022-03-21 16:36:16,ASCENDING,175,175_374052_IW1,IW1,VV,SENTINEL-1A
S1_374053_IW1_20220321T163618_VV_D727-BURST,2022-03-21,2022-03-21 16:36:19,ASCENDING,175,175_374053_IW1,IW1,VV,SENTINEL-1A
S1_045866_IW2_20220323T050910_VV_6E61-BURST,2022-03-23,2022-03-23 05:09:11,DESCENDING,22,022_045866_IW2,IW2,VV,SENTINEL-1A
S1_045867_IW2_20220323T050912_VV_6E61-BURST,2022-03-23,2022-03-23 05:09:13,DESCENDING,22,022_045867_IW2,IW2,VV,SENTINEL-1A
S1_154962_IW2_20220326T164426_VV_D365-BURST,2022-03-26,2022-03-26 16:44:27,ASCENDING,73,073_154962_IW2,IW2,VV,SENTINEL-1A
S1_374052_IW1_20220402T163616_VV_C1A7-BURST,2022-04-02,2022-04-02 16:36:17,ASCENDING,175,175_374052_IW1,IW1,VV,SENTINEL-1A
S1_374053_IW1_20220402T163618_VV_4EEB-BURST,2022-04-02,2022-04-02 16:36:19,ASCENDING,175,175_374053_IW1,IW1,VV,SENTINEL-1A
S1_045866_IW2_20220404T050910_VV_791A-BURST,2022-04-04,2022-04-04 05:09:11,DESCENDING,22,022_045866_IW2,IW2,VV,SENTINEL-1A
S1_045867_IW2_20220404T050913_VV_791A-BURST,2022-04-04,2022-04-04 05:09:14,DESCENDING,22,022_045867_IW2,IW2,VV,SENTINEL-1A
S1_154962_IW2_20220407T164426_VV_0C58-BURST,2022-04-07,2022-04-07 16:44:27,ASCENDING,73,073_154962_IW2,IW2,VV,SENTINEL-1A
S1_374052_IW1_20220414T163616_VV_13E8-BURST,2022-04-14,2022-04-14 16:36:17,ASCENDING,175,175_374052_IW1,IW1,VV,SENTINEL-1A
S1_374053_IW1_20220414T163618_VV_D1EA-BURST,2022-04-14,2022-04-14 16:36:19,ASCENDING,175,175_374053_IW1,IW1,VV,SENTINEL-1A
S1_045866_IW2_20220416T050910_VV_38A1-BURST,2022-04-16,2022-04-16 05:09:11,DESCENDING,22,022_045866_IW2,IW2,VV,SENTINEL-1A
S1_045867_IW2_20220416T050913_VV_38A1-BURST,2022-04-16,2022-04-16 05:09:14,DESCENDING,22,022_045867_IW2,IW2,VV,SENTINEL-1A
S1_154962_IW2_20220419T164427_VV_C5BE-BURST,2022-04-19,2022-04-19 16:44:28,ASCENDING,73,073_154962_IW2,IW2,VV,SENTINEL-1A
S1_374052_IW1_20220426T163616_VV_9977-BURST,2022-04-26,2022-04-26 16:36:18,ASCENDING,175,175_374052_IW1,IW1,VV,SENTINEL-1A
S1_374053_IW1_20220426T163619_VV_A920-BURST,2022-04-26,2022-04-26 16:36:20,ASCENDING,175,175_374053_IW1,IW1,VV,SENTINEL-1A
S1_045866_IW2_20220428T050911_VV_C5F1-BURST,2022-04-28,2022-04-28 05:09:12,DESCENDING,22,022_045866_IW2,IW2,VV,SENTINEL-1A
S1_045867_IW2_20220428T050913_VV_C5F1-BURST,2022-04-28,2022-04-28 05:09:14,DESCENDING,22,022_045867_IW2,IW2,VV,SENTINEL-1A
S1_154962_IW2_20220501T164427_VV_BC4C-BURST,2022-05-01,2022-05-01 16:44:28,ASCENDING,73,073_154962_IW2,IW2,VV,SENTINEL-1A
S1_374052_IW1_20220508T163617_VV_1E5C-BURST,2022-05-08,2022-05-08 16:36:18,ASCENDING,175,175_374052_IW1,IW1,VV,SENTINEL-1A
S1_374053_IW1_20220508T163620_VV_C454-BURST,2022-05-08,2022-05-08 16:36:21,ASCENDING,175,175_374053_IW1,IW1,VV,SENTINEL-1A
S1_045866_IW2_20220510T050911_VV_5684-BURST,2022-05-10,2022-05-10 05:09:12,DESCENDING,22,022_045866_IW2,IW2,VV,SENTINEL-1A
S1_045867_IW2_20220510T050914_VV_5684-BURST,2022-05-10,2022-05-10 05:09:15,DESCENDING,22,022_045867_IW2,IW2,VV,SENTINEL-1A
S1_154962_IW2_20220513T164428_VV_736A-BURST,2022-05-13,2022-05-13 16:44:29,ASCENDING,73,073_154962_IW2,IW2,VV,SENTINEL-1A
S1_374052_IW1_20220520T163618_VV_A160-BURST,2022-05-20,2022-05-20 16:36:19,ASCENDING,175,175_374052_IW1,IW1,VV,SENTINEL-1A
S1_374053_IW1_20220520T163620_VV_E86E-BURST,2022-05-20,2022-05-20 16:36:22,ASCENDING,175,175_374053_IW1,IW1,VV,SENTINEL-1A
S1_045866_IW2_20220522T050912_VV_8706-BURST,2022-05-22,2022-05-22 05:09:13,DESCENDING,22,022_045866_IW2,IW2,VV,SENTINEL-1A
S1_045867_IW2_20220522T050915_VV_8706-BURST,2022-05-22,2022-05-22 05:09:16,DESCENDING,22,022_045867_IW2,IW2,VV,SENTINEL-1A
S1_154962_IW2_20220525T164429_VV_6B4C-BURST,2022-05-25,2022-05-25 16:44:30,ASCENDING,73,073_154962_IW2,IW2,VV,SENTINEL-1A
S1_374052_IW1_20220601T163619_VV_0F9A-BURST,2022-06-01,2022-06-01 16:36:20,ASCENDING,175,175_374052_IW1,IW1,VV,SENTINEL-1A
S1_374053_IW1_20220601T163622_VV_DA03-BURST,2022-06-01,2022-06-01 16:36:23,ASCENDING,175,175_374053_IW1,IW1,VV,SENTINEL-1A
S1_045866_IW2_20220603T050913_VV_3AF4-BURST,2022-06-03,2022-06-03 05:09:14,DESCENDING,22,022_045866_IW2,IW2,VV,SENTINEL-1A
S1_045867_IW2_20220603T050916_VV_3AF4-BURST,2022-06-03,2022-06-03 05:09:17,DESCENDING,22,022_045867_IW2,IW2,VV,SENTINEL-1A
S1_154962_IW2_20220606T164430_VV_3C81-BURST,2022-06-06,2022-06-06 16:44:31,ASCENDING,73,073_154962_IW2,IW2,VV,SENTINEL-1A
S1_374052_IW1_20220613T163620_VV_E438-BURST,2022-06-13,2022-06-13 16:36:21,ASCENDING,175,175_374052_IW1,IW1,VV,SENTINEL-1A
S1_374053_IW1_20220613T163622_VV_0508-BURST,2022-06-13,2022-06-13 16:36:23,ASCENDING,175,175_374053_IW1,IW1,VV,SENTINEL-1A
S1_045866_IW2_20220615T050914_VV_F752-BURST,2022-06-15,2022-06-15 05:09:15,DESCENDING,22,022_045866_IW2,IW2,VV,SENTINEL-1A
S1_045867_IW2_20220615T050916_VV_F752-BURST,2022-06-15,2022-06-15 05:09:17,DESCENDING,22,022_045867_IW2,IW2,VV,SENTINEL-1A
S1_154962_IW2_20220618T164431_VV_8D3F-BURST,2022-06-18,2022-06-18 16:44:32,ASCENDING,73,073_154962_IW2,IW2,VV,SENTINEL-1A
S1_374052_IW1_20220625T163620_VV_D171-BURST,2022-06-25,2022-06-25 16:36:22,ASCENDING,175,175_374052_IW1,IW1,VV,SENTINEL-1A
S1_374053_IW1_20220625T163623_VV_3EAA-BURST,2022-06-25,2022-06-25 16:36:24,ASCENDING,175,175_374053_IW1,IW1,VV,SENTINEL-1A
S1_045866_IW2_20220627T050915_VV_E296-BURST,2022-06-27,2022-06-27 05:09:16,DESCENDING,22,022_045866_IW2,IW2,VV,SENTINEL-1A
S1_045867_IW2_20220627T050917_VV_E296-BURST,2022-06-27,2022-06-27 05:09:18,DESCENDING,22,022_045867_IW2,IW2,VV,SENTINEL-1A
S1_154962_IW2_20220630T164431_VV_3960-BURST,2022-06-30,2022-06-30 16:44:33,ASCENDING,73,073_154962_IW2,IW2,VV,SENTINEL-1A
S1_374052_IW1_20220707T163621_VV_F340-BURST,2022-07-07,2022-07-07 16:36:22,ASCENDING,175,175_374052_IW1,IW1,VV,SENTINEL-1A
S1_374053_IW1_20220707T163624_VV_C979-BURST,2022-07-07,2022-07-07 16:36:25,ASCENDING,175,175_374053_IW1,IW1,VV,SENTINEL-1A
S1_045866_IW2_20220709T050915_VV_6A34-BURST,2022-07-09,2022-07-09 05:09:16,DESCENDING,22,022_045866_IW2,IW2,VV,SENTINEL-1A
S1_045867_IW2_20220709T050918_VV_6A34-BURST,2022-07-09,2022-07-09 05:09:19,DESCENDING,22,022_045867_IW2,IW2,VV,SENTINEL-1A
S1_154962_IW2_20220712T164432_VV_732D-BURST,2022-07-12,2022-07-12 16:44:33,ASCENDING,73,073_154962_IW2,IW2,VV,SENTINEL-1A
S1_374052_IW1_20220719T163622_VV_0B0E-BURST,2022-07-19,2022-07-19 16:36:23,ASCENDING,175,175_374052_IW1,IW1,VV,SENTINEL-1A
S1_374053_IW1_20220719T163625_VV_57B9-BURST,2022-07-19,2022-07-19 16:36:26,ASCENDING,175,175_374053_IW1,IW1,VV,SENTINEL-1A
S1_045866_IW2_20220721T050916_VV_A745-BURST,2022-07-21,2022-07-21 05:09:17,DESCENDING,22,022_045866_IW2,IW2,VV,SENTINEL-1A
S1_045867_IW2_20220721T050919_VV_A745-BURST,2022-07-21,2022-07-21 05:09:20,DESCENDING,22,022_045867_IW2,IW2,VV,SENTINEL-1A
S1_154962_IW2_20220724T164433_VV_55A1-BURST,2022-07-24,2022-07-24 16:44:34,ASCENDING,73,073_154962_IW2,IW2,VV,SENTINEL-1A
S1_374052_IW1_20220731T163623_VV_D3DA-BURST,2022-07-31,2022-07-31 16:36:24,ASCENDING,175,175_374052_IW1,IW1,VV,SENTINEL-1A
S1_374053_IW1_20220731T163625_VV_3138-BURST,2022-07-31,2022-07-31 16:36:26,ASCENDING,175,175_374053_IW1,IW1,VV,SENTINEL-1A
S1_045866_IW2_20220802T050917_VV_0913-BURST,2022-08-02,2022-08-02 05:09:18,DESCENDING,22,022_045866_IW2,IW2,VV,SENTINEL-1A
S1_045867_IW2_20220802T050920_VV_0913-BURST,2022-08-02,2022-08-02 05:09:21,DESCENDING,22,022_045867_IW2,IW2,VV,SENTINEL-1A
S1_154962_IW2_20220805T164434_VV_9E94-BURST,2022-08-05,2022-08-05 16:44:35,ASCENDING,73,073_154962_IW2,IW2,VV,SENTINEL-1A
S1_374052_IW1_20220812T163623_VV_9DAF-BURST,2022-08-12,2022-08-12 16:36:24,ASCENDING,175,175_374052_IW1,IW1,VV,SENTINEL-1A
S1_374053_IW1_20220812T163626_VV_9EFE-BURST,2022-08-12,2022-08-12 16:36:27,ASCENDING,175,175_374053_IW1,IW1,VV,SENTINEL-1A
S1_045866_IW2_20220814T050918_VV_875C-BURST,2022-08-14,2022-08-14 05:09:19,DESCENDING,22,022_045866_IW2,IW2,VV,SENTINEL-1A
S1_045867_IW2_20220814T050920_VV_875C-BURST,2022-08-14,2022-08-14 05:09:21,DESCENDING,22,022_045867_IW2,IW2,VV,SENTINEL-1A
S1_154962_IW2_20220817T164434_VV_F99C-BURST,2022-08-17,2022-08-17 16:44:36,ASCENDING,73,073_154962_IW2,IW2,VV,SENTINEL-1A
S1_374052_IW1_20220824T163624_VV_BC5C-BURST,2022-08-24,2022-08-24 16:36:25,ASCENDING,175,175_374052_IW1,IW1,VV,SENTINEL-1A
S1_374053_IW1_20220824T163626_VV_AC21-BURST,2022-08-24,2022-08-24 16:36:28,ASCENDING,175,175_374053_IW1,IW1,VV,SENTINEL-1A
S1_045866_IW2_20220826T050918_VV_9F78-BURST,2022-08-26,2022-08-26 05:09:19,DESCENDING,22,022_045866_IW2,IW2,VV,SENTINEL-1A
S1_045867_IW2_20220826T050921_VV_9F78-BURST,2022-08-26,2022-08-26 05:09:22,DESCENDING,22,022_045867_IW2,IW2,VV,SENTINEL-1A
S1_154962_IW2_20220829T164435_VV_4AE3-BURST,2022-08-29,2022-08-29 16:44:36,ASCENDING,73,073_154962_IW2,IW2,VV,SENTINEL-1A
S1_374052_IW1_20220905T163625_VV_5F88-BURST,2022-09-05,2022-09-05 16:36:26,ASCENDING,175,175_374052_IW1,IW1,VV,SENTINEL-1A
S1_374053_IW1_20220905T163627_VV_D916-BURST,2022-09-05,2022-09-05 16:36:29,ASCENDING,175,175_374053_IW1,IW1,VV,SENTINEL-1A
S1_045866_IW2_20220907T050919_VV_3067-BURST,2022-09-07,2022-09-07 05:09:20,DESCENDING,22,022_045866_IW2,IW2,VV,SENTINEL-1A
S1_045867_IW2_20220907T050922_VV_3067-BURST,2022-09-07,2022-09-07 05:09:23,DESCENDING,22,022_045867_IW2,IW2,VV,SENTINEL-1A
S1_154962_IW2_20220910T164436_VV_AD7B-BURST,2022-09-10,2022-09-10 16:44:37,ASCENDING,73,073_154962_IW2,IW2,VV,SENTINEL-1A
S1_374052_IW1_20220917T163625_VV_9135-BURST,2022-09-17,2022-09-17 16:36:26,ASCENDING,175,175_374052_IW1,IW1,VV,SENTINEL-1A
S1_374053_IW1_20220917T163627_VV_499B-BURST,2022-09-17,2022-09-17 16:36:28,ASCENDING,175,175_374053_IW1,IW1,VV,SENTINEL-1A
S1_045866_IW2_20220919T050919_VV_9D42-BURST,2022-09-19,2022-09-19 05:09:20,DESCENDING,22,022_045866_IW2,IW2,VV,SENTINEL-1A
S1_045867_IW2_20220919T050921_VV_9D42-BURST,2022-09-19,2022-09-19 05:09:22,DESCENDING,22,022_045867_IW2,IW2,VV,SENTINEL-1A
S1_154962_IW2_20220922T164435_VV_F90A-BURST,2022-09-22,2022-09-22 16:44:36,ASCENDING,73,073_154962_IW2,IW2,VV,SENTINEL-1A
S1_374052_IW1_20220929T163625_VV_46CF-BURST,2022-09-29,2022-09-29 16:36:26,ASCENDING,175,175_374052_IW1,IW1,VV,SENTINEL-1A
S1_374053_IW1_20220929T163628_VV_3F0E-BURST,2022-09-29,2022-09-29 16:36:29,ASCENDING,175,175_374053_IW1,IW1,VV,SENTINEL-1A
S1_045866_IW2_20221001T050919_VV_CCBF-BURST,2022-10-01,2022-10-01 05:09:20,DESCENDING,22,022_045866_IW2,IW2,VV,SENTINEL-1A
S1_045867_IW2_20221001T050922_VV_CCBF-BURST,2022-10-01,2022-10-01 05:09:23,DESCENDING,22,022_045867_IW2,IW2,VV,SENTINEL-1A
S1_154962_IW2_20221004T164436_VV_FB03-BURST,2022-10-04,2022-10-04 16:44:37,ASCENDING,73,073_154962_IW2,IW2,VV,SENTINEL-1A
S1_374052_IW1_20221011T163625_VV_E412-BURST,2022-10-11,2022-10-11 16:36:26,ASCENDING,175,175_374052_IW1,IW1,VV,SENTINEL-1A
S1_374053_IW1_20221011T163628_VV_4729-BURST,2022-10-11,2022-10-11 16:36:29,ASCENDING,175,175_374053_IW1,IW1,VV,SENTINEL-1A
S1_045866_IW2_20221013T050919_VV_3079-BURST,2022-10-13,2022-10-13 05:09:20,DESCENDING,22,022_045866_IW2,IW2,VV,SENTINEL-1A
S1_045867_IW2_20221013T050922_VV_3079-BURST,2022-10-13,2022-10-13 05:09:23,DESCENDING,22,022_045867_IW2,IW2,VV,SENTINEL-1A
S1_154962_IW2_20221016T164436_VV_233B-BURST,2022-10-16,2022-10-16 16:44:37,ASCENDING,73,073_154962_IW2,IW2,VV,SENTINEL-1A
S1_374052_IW1_20221023T163625_VV_78E2-BURST,2022-10-23,2022-10-23 16:36:26,ASCENDING,175,175_374052_IW1,IW1,VV,SENTINEL-1A
S1_374053_IW1_20221023T163628_VV_2098-BURST,2022-10-23,2022-10-23 16:36:29,ASCENDING,175,175_374053_IW1,IW1,VV,SENTINEL-1A
S1_045866_IW2_20221025T050919_VV_A8B1-BURST,2022-10-25,2022-10-25 05:09:20,DESCENDING,22,022_045866_IW2,IW2,VV,SENTINEL-1A
S1_045867_IW2_20221025T050922_VV_A8B1-BURST,2022-10-25,2022-10-25 05:09:23,DESCENDING,22,022_045867_IW2,IW2,VV,SENTINEL-1A
S1_154962_IW2_20221028T164436_VV_9791-BURST,2022-10-28,2022-10-28 16:44:37,ASCENDING,73,073_154962_IW2,IW2,VV,SENTINEL-1A
S1_374052_IW1_20221104T163625_VV_DB20-BURST,2022-11-04,2022-11-04 16:36:26,ASCENDING,175,175_374052_IW1,IW1,VV,SENTINEL-1A
S1_374053_IW1_20221104T163627_VV_E4E4-BURST,2022-11-04,2022-11-04 16:36:29,ASCENDING,175,175_374053_IW1,IW1,VV,SENTINEL-1A
S1_045866_IW2_20221106T050919_VV_6D83-BURST,2022-11-06,2022-11-06 05:09:20,DESCENDING,22,022_045866_IW2,IW2,VV,SENTINEL-1A
S1_045867_IW2_20221106T050922_VV_6D83-BURST,2022-11-06,2022-11-06 05:09:23,DESCENDING,22,022_045867_IW2,IW2,VV,SENTINEL-1A
S1_154962_IW2_20221109T164435_VV_5725-BURST,2022-11-09,2022-11-09 16:44:36,ASCENDING,73,073_154962_IW2,IW2,VV,SENTINEL-1A
S1_374052_IW1_20221116T163624_VV_2067-BURST,2022-11-16,2022-11-16 16:36:26,ASCENDING,175,175_374052_IW1,IW1,VV,SENTINEL-1A
S1_374053_IW1_20221116T163627_VV_A79A-BURST,2022-11-16,2022-11-16 16:36:28,ASCENDING,175,175_374053_IW1,IW1,VV,SENTINEL-1A
S1_045866_IW2_20221118T050919_VV_697E-BURST,2022-11-18,2022-11-18 05:09:20,DESCENDING,22,022_045866_IW2,IW2,VV,SENTINEL-1A
S1_045867_IW2_20221118T050922_VV_697E-BURST,2022-11-18,2022-11-18 05:09:23,DESCENDING,22,022_045867_IW2,IW2,VV,SENTINEL-1A
S1_154962_IW2_20221121T164436_VV_8CA8-BURST,2022-11-21,2022-11-21 16:44:37,ASCENDING,73,073_154962_IW2,IW2,VV,SENTINEL-1A
S1_374052_IW1_20221128T163624_VV_B2C0-BURST,2022-11-28,2022-11-28 16:36:25,ASCENDING,175,175_374052_IW1,IW1,VV,SENTINEL-1A
S1_374053_IW1_20221128T163627_VV_039A-BURST,2022-11-28,2022-11-28 16:36:28,ASCENDING,175,175_374053_IW1,IW1,VV,SENTINEL-1A
S1_045866_IW2_20221130T050918_VV_67BE-BURST,2022-11-30,2022-11-30 05:09:19,DESCENDING,22,022_045866_IW2,IW2,VV,SENTINEL-1A
S1_045867_IW2_20221130T050921_VV_67BE-BURST,2022-11-30,2022-11-30 05:09:22,DESCENDING,22,022_045867_IW2,IW2,VV,SENTINEL-1A
S1_154962_IW2_20221203T164435_VV_140A-BURST,2022-12-03,2022-12-03 16:44:36,ASCENDING,73,073_154962_IW2,IW2,VV,SENTINEL-1A
S1_374052_IW1_20221210T163624_VV_067C-BURST,2022-12-10,2022-12-10 16:36:25,ASCENDING,175,175_374052_IW1,IW1,VV,SENTINEL-1A
S1_374053_IW1_20221210T163627_VV_461A-BURST,2022-12-10,2022-12-10 16:36:28,ASCENDING,175,175_374053_IW1,IW1,VV,SENTINEL-1A
S1_045866_IW2_20221212T050918_VV_621E-BURST,2022-12-12,2022-12-12 05:09:19,DESCENDING,22,022_045866_IW2,IW2,VV,SENTINEL-1A
S1_045867_IW2_20221212T050921_VV_621E-BURST,2022-12-12,2022-12-12 05:09:22,DESCENDING,22,022_045867_IW2,IW2,VV,SENTINEL-1A
S1_154962_IW2_20221215T164434_VV_2C9B-BURST,2022-12-15,2022-12-15 16:44:35,ASCENDING,73,073_154962_IW2,IW2,VV,SENTINEL-1A
S1_374052_IW1_20221222T163623_VV_99FD-BURST,2022-12-22,2022-12-22 16:36:24,ASCENDING,175,175_374052_IW1,IW1,VV,SENTINEL-1A
S1_374053_IW1_20221222T163626_VV_16DB-BURST,2022-12-22,2022-12-22 16:36:27,ASCENDING,175,175_374053_IW1,IW1,VV,SENTINEL-1A
S1_045866_IW2_20221224T050917_VV_BB69-BURST,2022-12-24,2022-12-24 05:09:18,DESCENDING,22,022_045866_IW2,IW2,VV,SENTINEL-1A
S1_045867_IW2_20221224T050920_VV_BB69-BURST,2022-12-24,2022-12-24 05:09:21,DESCENDING,22,022_045867_IW2,IW2,VV,SENTINEL-1A
S1_154962_IW2_20221227T164434_VV_0834-BURST,2022-12-27,2022-12-27 16:44:35,ASCENDING,73,073_154962_IW2,IW2,VV,SENTINEL-1A
S1_374052_IW1_20230103T163622_VV_76B1-BURST,2023-01-03,2023-01-03 16:36:24,ASCENDING,175,175_374052_IW1,IW1,VV,SENTINEL-1A
S1_374053_IW1_20230103T163625_VV_50D9-BURST,2023-01-03,2023-01-03 16:36:26,ASCENDING,175,175_374053_IW1,IW1,VV,SENTINEL-1A
S1_045866_IW2_20230105T050917_VV_7671-BURST,2023-01-05,2023-01-05 05:09:18,DESCENDING,22,022_045866_IW2,IW2,VV,SENTINEL-1A
S1_045867_IW2_20230105T050919_VV_7671-BURST,2023-01-05,2023-01-05 05:09:20,DESCENDING,22,022_045867_IW2,IW2,VV,SENTINEL-1A
S1_154962_IW2_20230108T164433_VV_BF90-BURST,2023-01-08,2023-01-08 16:44:34,ASCENDING,73,073_154962_IW2,IW2,VV,SENTINEL-1A
S1_374052_IW1_20230115T163622_VV_4D1A-BURST,2023-01-15,2023-01-15 16:36:23,ASCENDING,175,175_374052_IW1,IW1,VV,SENTINEL-1A
S1_374053_IW1_20230115T163624_VV_5082-BURST,2023-01-15,2023-01-15 16:36:26,ASCENDING,175,175_374053_IW1,IW1,VV,SENTINEL-1A
S1_045866_IW2_20230117T050916_VV_DE99-BURST,2023-01-17,2023-01-17 05:09:17,DESCENDING,22,022_045866_IW2,IW2,VV,SENTINEL-1A
S1_045867_IW2_20230117T050918_VV_DE99-BURST,2023-01-17,2023-01-17 05:09:20,DESCENDING,22,022_045867_IW2,IW2,VV,SENTINEL-1A
S1_154962_IW2_20230120T164432_VV_D849-BURST,2023-01-20,2023-01-20 16:44:33,ASCENDING,73,073_154962_IW2,IW2,VV,SENTINEL-1A
S1_374052_IW1_20230127T163622_VV_33F6-BURST,2023-01-27,2023-01-27 16:36:23,ASCENDING,175,175_374052_IW1,IW1,VV,SENTINEL-1A
S1_374053_IW1_20230127T163624_VV_0C31-BURST,2023-01-27,2023-01-27 16:36:26,ASCENDING,175,175_374053_IW1,IW1,VV,SENTINEL-1A
S1_045866_IW2_20230129T050916_VV_B81B-BURST,2023-01-29,2023-01-29 05:09:17,DESCENDING,22,022_045866_IW2,IW2,VV,SENTINEL-1A
S1_045867_IW2_20230129T050919_VV_B81B-BURST,2023-01-29,2023-01-29 05:09:20,DESCENDING,22,022_045867_IW2,IW2,VV,SENTINEL-1A
S1_154962_IW2_20230201T164432_VV_FD87-BURST,2023-02-01,2023-02-01 16:44:33,ASCENDING,73,073_154962_IW2,IW2,VV,SENTINEL-1A
S1_374052_IW1_20230208T163621_VV_557E-BURST,2023-02-08,2023-02-08 16:36:22,ASCENDING,175,175_374052_IW1,IW1,VV,SENTINEL-1A
S1_374053_IW1_20230208T163623_VV_1E9D-BURST,2023-02-08,2023-02-08 16:36:24,ASCENDING,175,175_374053_IW1,IW1,VV,SENTINEL-1A
S1_045866_IW2_20230210T050915_VV_C828-BURST,2023-02-10,2023-02-10 05:09:16,DESCENDING,22,022_045866_IW2,IW2,VV,SENTINEL-1A
S1_045867_IW2_20230210T050918_VV_C828-BURST,2023-02-10,2023-02-10 05:09:19,DESCENDING,22,022_045867_IW2,IW2,VV,SENTINEL-1A
S1_154962_IW2_20230213T164432_VV_E9A0-BURST,2023-02-13,2023-02-13 16:44:33,ASCENDING,73,073_154962_IW2,IW2,VV,SENTINEL-1A
S1_374052_IW1_20230220T163621_VV_7867-BURST,2023-02-20,2023-02-20 16:36:22,ASCENDING,175,175_374052_IW1,IW1,VV,SENTINEL-1A
S1_374053_IW1_20230220T163623_VV_458F-BURST,2023-02-20,2023-02-20 16:36:24,ASCENDING,175,175_374053_IW1,IW1,VV,SENTINEL-1A
S1_045866_IW2_20230222T050915_VV_F784-BURST,2023-02-22,2023-02-22 05:09:16,DESCENDING,22,022_045866_IW2,IW2,VV,SENTINEL-1A
S1_045867_IW2_20230222T050917_VV_F784-BURST,2023-02-22,2023-02-22 05:09:18,DESCENDING,22,022_045867_IW2,IW2,VV,SENTINEL-1A
S1_154962_IW2_20230225T164432_VV_5D3E-BURST,2023-02-25,2023-02-25 16:44:33,ASCENDING,73,073_154962_IW2,IW2,VV,SENTINEL-1A
S1_374052_IW1_20230304T163621_VV_5A7A-BURST,2023-03-04,2023-03-04 16:36:22,ASCENDING,175,175_374052_IW1,IW1,VV,SENTINEL-1A
S1_374053_IW1_20230304T163624_VV_63B9-BURST,2023-03-04,2023-03-04 16:36:25,ASCENDING,175,175_374053_IW1,IW1,VV,SENTINEL-1A
S1_045866_IW2_20230306T050915_VV_5131-BURST,2023-03-06,2023-03-06 05:09:16,DESCENDING,22,022_045866_IW2,IW2,VV,SENTINEL-1A
S1_045867_IW2_20230306T050918_VV_5131-BURST,2023-03-06,2023-03-06 05:09:19,DESCENDING,22,022_045867_IW2,IW2,VV,SENTINEL-1A
S1_154962_IW2_20230309T164431_VV_6FF9-BURST,2023-03-09,2023-03-09 16:44:33,ASCENDING,73,073_154962_IW2,IW2,VV,SENTINEL-1A
S1_374052_IW1_20230316T163620_VV_407B-BURST,2023-03-16,2023-03-16 16:36:22,ASCENDING,175,175_374052_IW1,IW1,VV,SENTINEL-1A
S1_374053_IW1_20230316T163623_VV_95A4-BURST,2023-03-16,2023-03-16 16:36:24,ASCENDING,175,175_374053_IW1,IW1,VV,SENTINEL-1A
S1_045866_IW2_20230318T050915_VV_D4BC-BURST,2023-03-18,2023-03-18 05:09:16,DESCENDING,22,022_045866_IW2,IW2,VV,SENTINEL-1A
S1_045867_IW2_20230318T050918_VV_D4BC-BURST,2023-03-18,2023-03-18 05:09:19,DESCENDING,22,022_045867_IW2,IW2,VV,SENTINEL-1A
S1_154962_IW2_20230321T164432_VV_E94A-BURST,2023-03-21,2023-03-21 16:44:33,ASCENDING,73,073_154962_IW2,IW2,VV,SENTINEL-1A
S1_374052_IW1_20230328T163621_VV_3E39-BURST,2023-03-28,2023-03-28 16:36:22,ASCENDING,175,175_374052_IW1,IW1,VV,SENTINEL-1A
S1_374053_IW1_20230328T163624_VV_2464-BURST,2023-03-28,2023-03-28 16:36:25,ASCENDING,175,175_374053_IW1,IW1,VV,SENTINEL-1A
S1_045866_IW2_20230330T050915_VV_ED19-BURST,2023-03-30,2023-03-30 05:09:16,DESCENDING,22,022_045866_IW2,IW2,VV,SENTINEL-1A
S1_045867_IW2_20230330T050918_VV_ED19-BURST,2023-03-30,2023-03-30 05:09:19,DESCENDING,22,022_045867_IW2,IW2,VV,SENTINEL-1A
S1_154962_IW2_20230402T164432_VV_7D87-BURST,2023-04-02,2023-04-02 16:44:33,ASCENDING,73,073_154962_IW2,IW2,VV,SENTINEL-1A
S1_374052_IW1_20230409T163622_VV_BF1C-BURST,2023-04-09,2023-04-09 16:36:23,ASCENDING,175,175_374052_IW1,IW1,VV,SENTINEL-1A
S1_374053_IW1_20230409T163624_VV_E2BD-BURST,2023-04-09,2023-04-09 16:36:25,ASCENDING,175,175_374053_IW1,IW1,VV,SENTINEL-1A
S1_045866_IW2_20230411T050916_VV_4497-BURST,2023-04-11,2023-04-11 05:09:17,DESCENDING,22,022_045866_IW2,IW2,VV,SENTINEL-1A
S1_045867_IW2_20230411T050919_VV_4497-BURST,2023-04-11,2023-04-11 05:09:20,DESCENDING,22,022_045867_IW2,IW2,VV,SENTINEL-1A
S1_154962_IW2_20230414T164433_VV_9E1E-BURST,2023-04-14,2023-04-14 16:44:34,ASCENDING,73,073_154962_IW2,IW2,VV,SENTINEL-1A
S1_374052_IW1_20230421T163622_VV_AF67-BURST,2023-04-21,2023-04-21 16:36:23,ASCENDING,175,175_374052_IW1,IW1,VV,SENTINEL-1A
S1_374053_IW1_20230421T163624_VV_84CE-BURST,2023-04-21,2023-04-21 16:36:25,ASCENDING,175,175_374053_IW1,IW1,VV,SENTINEL-1A
S1_045866_IW2_20230423T050916_VV_FEC3-BURST,2023-04-23,2023-04-23 05:09:17,DESCENDING,22,022_045866_IW2,IW2,VV,SENTINEL-1A
S1_045867_IW2_20230423T050919_VV_FEC3-BURST,2023-04-23,2023-04-23 05:09:20,DESCENDING,22,022_045867_IW2,IW2,VV,SENTINEL-1A
S1_154962_IW2_20230426T164433_VV_19DC-BURST,2023-04-26,2023-04-26 16:44:34,ASCENDING,73,073_154962_IW2,IW2,VV,SENTINEL-1A
S1_374052_IW1_20230503T163622_VV_B3C6-BURST,2023-05-03,2023-05-03 16:36:23,ASCENDING,175,175_374052_IW1,IW1,VV,SENTINEL-1A
S1_374053_IW1_20230503T163625_VV_F073-BURST,2023-05-03,2023-05-03 16:36:26,ASCENDING,175,175_374053_IW1,IW1,VV,SENTINEL-1A
S1_045866_IW2_20230505T050917_VV_8B57-BURST,2023-05-05,2023-05-05 05:09:18,DESCENDING,22,022_045866_IW2,IW2,VV,SENTINEL-1A
S1_045867_IW2_20230505T050919_VV_8B57-BURST,2023-05-05,2023-05-05 05:09:20,DESCENDING,22,022_045867_IW2,IW2,VV,SENTINEL-1A
S1_154962_IW2_20230508T164434_VV_256F-BURST,2023-05-08,2023-05-08 16:44:35,ASCENDING,73,073_154962_IW2,IW2,VV,SENTINEL-1A
S1_374052_IW1_20230515T163623_VV_1B49-BURST,2023-05-15,2023-05-15 16:36:24,ASCENDING,175,175_374052_IW1,IW1,VV,SENTINEL-1A
S1_374053_IW1_20230515T163626_VV_A410-BURST,2023-05-15,2023-05-15 16:36:27,ASCENDING,175,175_374053_IW1,IW1,VV,SENTINEL-1A
S1_045866_IW2_20230517T050917_VV_95C9-BURST,2023-05-17,2023-05-17 05:09:18,DESCENDING,22,022_045866_IW2,IW2,VV,SENTINEL-1A
S1_045867_IW2_20230517T050920_VV_95C9-BURST,2023-05-17,2023-05-17 05:09:21,DESCENDING,22,022_045867_IW2,IW2,VV,SENTINEL-1A
S1_154962_IW2_20230520T164434_VV_B9CB-BURST,2023-05-20,2023-05-20 16:44:35,ASCENDING,73,073_154962_IW2,IW2,VV,SENTINEL-1A
S1_374052_IW1_20230527T163624_VV_BCDC-BURST,2023-05-27,2023-05-27 16:36:25,ASCENDING,175,175_374052_IW1,IW1,VV,SENTINEL-1A
S1_374053_IW1_20230527T163626_VV_C7F7-BURST,2023-05-27,2023-05-27 16:36:28,ASCENDING,175,175_374053_IW1,IW1,VV,SENTINEL-1A
S1_045866_IW2_20230529T050918_VV_C81E-BURST,2023-05-29,2023-05-29 05:09:19,DESCENDING,22,022_045866_IW2,IW2,VV,SENTINEL-1A
S1_045867_IW2_20230529T050921_VV_C81E-BURST,2023-05-29,2023-05-29 05:09:22,DESCENDING,22,022_045867_IW2,IW2,VV,SENTINEL-1A
S1_154962_IW2_20230601T164435_VV_AD51-BURST,2023-06-01,2023-06-01 16:44:36,ASCENDING,73,073_154962_IW2,IW2,VV,SENTINEL-1A
S1_374052_IW1_20230608T163624_VV_3320-BURST,2023-06-08,2023-06-08 16:36:25,ASCENDING,175,175_374052_IW1,IW1,VV,SENTINEL-1A
S1_374053_IW1_20230608T163627_VV_8423-BURST,2023-06-08,2023-06-08 16:36:28,ASCENDING,175,175_374053_IW1,IW1,VV,SENTINEL-1A
S1_045866_IW2_20230610T050918_VV_F7B3-BURST,2023-06-10,2023-06-10 05:09:19,DESCENDING,22,022_045866_IW2,IW2,VV,SENTINEL-1A
S1_045867_IW2_20230610T050921_VV_F7B3-BURST,2023-06-10,2023-06-10 05:09:22,DESCENDING,22,022_045867_IW2,IW2,VV,SENTINEL-1A
S1_154962_IW2_20230613T164435_VV_BCB8-BURST,2023-06-13,2023-06-13 16:44:36,ASCENDING,73,073_154962_IW2,IW2,VV,SENTINEL-1A
S1_374052_IW1_20230620T163625_VV_AE49-BURST,2023-06-20,2023-06-20 16:36:26,ASCENDING,175,175_374052_IW1,IW1,VV,SENTINEL-1A
S1_374053_IW1_20230620T163627_VV_AABD-BURST,2023-06-20,2023-06-20 16:36:29,ASCENDING,175,175_374053_IW1,IW1,VV,SENTINEL-1A
S1_045866_IW2_20230622T050919_VV_FCF1-BURST,2023-06-22,2023-06-22 05:09:20,DESCENDING,22,022_045866_IW2,IW2,VV,SENTINEL-1A
S1_045867_IW2_20230622T050922_VV_FCF1-BURST,2023-06-22,2023-06-22 05:09:23,DESCENDING,22,022_045867_IW2,IW2,VV,SENTINEL-1A
S1_154962_IW2_20230625T164436_VV_36C5-BURST,2023-06-25,2023-06-25 16:44:37,ASCENDING,73,073_154962_IW2,IW2,VV,SENTINEL-1A
S1_374052_IW1_20230702T163626_VV_CF38-BURST,2023-07-02,2023-07-02 16:36:27,ASCENDING,175,175_374052_IW1,IW1,VV,SENTINEL-1A
S1_374053_IW1_20230702T163628_VV_6FD1-BURST,2023-07-02,2023-07-02 16:36:29,ASCENDING,175,175_374053_IW1,IW1,VV,SENTINEL-1A
S1_045866_IW2_20230704T050920_VV_9CDB-BURST,2023-07-04,2023-07-04 05:09:21,DESCENDING,22,022_045866_IW2,IW2,VV,SENTINEL-1A
S1_045867_IW2_20230704T050923_VV_9CDB-BURST,2023-07-04,2023-07-04 05:09:24,DESCENDING,22,022_045867_IW2,IW2,VV,SENTINEL-1A
S1_154962_IW2_20230707T164437_VV_45E7-BURST,2023-07-07,2023-07-07 16:44:38,ASCENDING,73,073_154962_IW2,IW2,VV,SENTINEL-1A
S1_374052_IW1_20230714T163627_VV_B597-BURST,2023-07-14,2023-07-14 16:36:28,ASCENDING,175,175_374052_IW1,IW1,VV,SENTINEL-1A
S1_374053_IW1_20230714T163629_VV_5448-BURST,2023-07-14,2023-07-14 16:36:30,ASCENDING,175,175_374053_IW1,IW1,VV,SENTINEL-1A
S1_045866_IW2_20230716T050921_VV_A049-BURST,2023-07-16,2023-07-16 05:09:22,DESCENDING,22,022_045866_IW2,IW2,VV,SENTINEL-1A
S1_045867_IW2_20230716T050924_VV_A049-BURST,2023-07-16,2023-07-16 05:09:25,DESCENDING,22,022_045867_IW2,IW2,VV,SENTINEL-1A
S1_154962_IW2_20230719T164437_VV_0FA5-BURST,2023-07-19,2023-07-19 16:44:38,ASCENDING,73,073_154962_IW2,IW2,VV,SENTINEL-1A
S1_374052_IW1_20230726T163627_VV_6108-BURST,2023-07-26,2023-07-26 16:36:28,ASCENDING,175,175_374052_IW1,IW1,VV,SENTINEL-1A
S1_374053_IW1_20230726T163630_VV_94FC-BURST,2023-07-26,2023-07-26 16:36:31,ASCENDING,175,175_374053_IW1,IW1,VV,SENTINEL-1A
S1_045866_IW2_20230728T050921_VV_212E-BURST,2023-07-28,2023-07-28 05:09:22,DESCENDING,22,022_045866_IW2,IW2,VV,SENTINEL-1A
S1_045867_IW2_20230728T050924_VV_212E-BURST,2023-07-28,2023-07-28 05:09:25,DESCENDING,22,022_045867_IW2,IW2,VV,SENTINEL-1A
S1_154962_IW2_20230731T164438_VV_FE44-BURST,2023-07-31,2023-07-31 16:44:39,ASCENDING,73,073_154962_IW2,IW2,VV,SENTINEL-1A
S1_374052_IW1_20230807T163628_VV_E059-BURST,2023-08-07,2023-08-07 16:36:29,ASCENDING,175,175_374052_IW1,IW1,VV,SENTINEL-1A
S1_374053_IW1_20230807T163630_VV_16DE-BURST,2023-08-07,2023-08-07 16:36:32,ASCENDING,175,175_374053_IW1,IW1,VV,SENTINEL-1A
S1_045866_IW2_20230809T050921_VV_E2B3-BURST,2023-08-09,2023-08-09 05:09:22,DESCENDING,22,022_045866_IW2,IW2,VV,SENTINEL-1A
S1_045867_IW2_20230809T050924_VV_E2B3-BURST,2023-08-09,2023-08-09 05:09:25,DESCENDING,22,022_045867_IW2,IW2,VV,SENTINEL-1A
S1_154962_IW2_20230812T164439_VV_B2A9-BURST,2023-08-12,2023-08-12 16:44:40,ASCENDING,73,073_154962_IW2,IW2,VV,SENTINEL-1A
S1_374052_IW1_20230819T163629_VV_C790-BURST,2023-08-19,2023-08-19 16:36:30,ASCENDING,175,175_374052_IW1,IW1,VV,SENTINEL-1A
S1_374053_IW1_20230819T163631_VV_EDFF-BURST,2023-08-19,2023-08-19 16:36:32,ASCENDING,175,175_374053_IW1,IW1,VV,SENTINEL-1A
S1_045866_IW2_20230821T050922_VV_53B5-BURST,2023-08-21,2023-08-21 05:09:23,DESCENDING,22,022_045866_IW2,IW2,VV,SENTINEL-1A
S1_045867_IW2_20230821T050925_VV_53B5-BURST,2023-08-21,2023-08-21 05:09:26,DESCENDING,22,022_045867_IW2,IW2,VV,SENTINEL-1A
S1_154962_IW2_20230824T164440_VV_90F4-BURST,2023-08-24,2023-08-24 16:44:41,ASCENDING,73,073_154962_IW2,IW2,VV,SENTINEL-1A
S1_374052_IW1_20230831T163629_VV_B8D8-BURST,2023-08-31,2023-08-31 16:36:30,ASCENDING,175,175_374052_IW1,IW1,VV,SENTINEL-1A
S1_374053_IW1_20230831T163632_VV_E654-BURST,2023-08-31,2023-08-31 16:36:33,ASCENDING,175,175_374053_IW1,IW1,VV,SENTINEL-1A
S1_045866_IW2_20230902T050923_VV_D0C4-BURST,2023-09-02,2023-09-02 05:09:25,DESCENDING,22,022_045866_IW2,IW2,VV,SENTINEL-1A
S1_045867_IW2_20230902T050926_VV_D0C4-BURST,2023-09-02,2023-09-02 05:09:27,DESCENDING,22,022_045867_IW2,IW2,VV,SENTINEL-1A
S1_154962_IW2_20230905T164440_VV_097F-BURST,2023-09-05,2023-09-05 16:44:41,ASCENDING,73,073_154962_IW2,IW2,VV,SENTINEL-1A
S1_374052_IW1_20230912T163630_VV_612C-BURST,2023-09-12,2023-09-12 16:36:31,ASCENDING,175,175_374052_IW1,IW1,VV,SENTINEL-1A
S1_374053_IW1_20230912T163632_VV_B9B8-BURST,2023-09-12,2023-09-12 16:36:34,ASCENDING,175,175_374053_IW1,IW1,VV,SENTINEL-1A
S1_045866_IW2_20230914T050924_VV_E299-BURST,2023-09-14,2023-09-14 05:09:25,DESCENDING,22,022_045866_IW2,IW2,VV,SENTINEL-1A
S1_045867_IW2_20230914T050927_VV_E299-BURST,2023-09-14,2023-09-14 05:09:28,DESCENDING,22,022_045867_IW2,IW2,VV,SENTINEL-1A
S1_154962_IW2_20230917T164441_VV_B9B8-BURST,2023-09-17,2023-09-17 16:44:42,ASCENDING,73,073_154962_IW2,IW2,VV,SENTINEL-1A
S1_374052_IW1_20230924T163630_VV_FFF8-BURST,2023-09-24,2023-09-24 16:36:31,ASCENDING,175,175_374052_IW1,IW1,VV,SENTINEL-1A
S1_374053_IW1_20230924T163633_VV_6F1E-BURST,2023-09-24,2023-09-24 16:36:34,ASCENDING,175,175_374053_IW1,IW1,VV,SENTINEL-1A
S1_045866_IW2_20230926T050924_VV_5C48-BURST,2023-09-26,2023-09-26 05:09:25,DESCENDING,22,022_045866_IW2,IW2,VV,SENTINEL-1A
S1_045867_IW2_20230926T050927_VV_5C48-BURST,2023-09-26,2023-09-26 05:09:28,DESCENDING,22,022_045867_IW2,IW2,VV,SENTINEL-1A
S1_154962_IW2_20230929T164441_VV_F462-BURST,2023-09-29,2023-09-29 16:44:42,ASCENDING,73,073_154962_IW2,IW2,VV,SENTINEL-1A
S1_374052_IW1_20231006T163630_VV_0AF9-BURST,2023-10-06,2023-10-06 16:36:31,ASCENDING,175,175_374052_IW1,IW1,VV,SENTINEL-1A
S1_374053_IW1_20231006T163633_VV_59BB-BURST,2023-10-06,2023-10-06 16:36:34,ASCENDING,175,175_374053_IW1,IW1,VV,SENTINEL-1A
S1_045866_IW2_20231008T050924_VV_3050-BURST,2023-10-08,2023-10-08 05:09:25,DESCENDING,22,022_045866_IW2,IW2,VV,SENTINEL-1A
S1_045867_IW2_20231008T050927_VV_3050-BURST,2023-10-08,2023-10-08 05:09:28,DESCENDING,22,022_045867_IW2,IW2,VV,SENTINEL-1A
S1_154962_IW2_20231011T164440_VV_B45B-BURST,2023-10-11,2023-10-11 16:44:41,ASCENDING,73,073_154962_IW2,IW2,VV,SENTINEL-1A
S1_374052_IW1_20231018T163630_VV_0EA3-BURST,2023-10-18,2023-10-18 16:36:31,ASCENDING,175,175_374052_IW1,IW1,VV,SENTINEL-1A
S1_374053_IW1_20231018T163633_VV_88FE-BURST,2023-10-18,2023-10-18 16:36:34,ASCENDING,175,175_374053_IW1,IW1,VV,SENTINEL-1A
S1_045866_IW2_20231020T050924_VV_1204-BURST,2023-10-20,2023-10-20 05:09:25,DESCENDING,22,022_045866_IW2,IW2,VV,SENTINEL-1A
S1_045867_IW2_20231020T050927_VV_1204-BURST,2023-10-20,2023-10-20 05:09:28,DESCENDING,22,022_045867_IW2,IW2,VV,SENTINEL-1A
S1_154962_IW2_20231023T164441_VV_4263-BURST,2023-10-23,2023-10-23 16:44:42,ASCENDING,73,073_154962_IW2,IW2,VV,SENTINEL-1A
S1_374052_IW1_20231030T163630_VV_389F-BURST,2023-10-30,2023-10-30 16:36:31,ASCENDING,175,175_374052_IW1,IW1,VV,SENTINEL-1A
S1_374053_IW1_20231030T163633_VV_4CEF-BURST,2023-10-30,2023-10-30 16:36:34,ASCENDING,175,175_374053_IW1,IW1,VV,SENTINEL-1A
S1_045866_IW2_20231101T050924_VV_7A60-BURST,2023-11-01,2023-11-01 05:09:25,DESCENDING,22,022_045866_IW2,IW2,VV,SENTINEL-1A
S1_045867_IW2_20231101T050927_VV_7A60-BURST,2023-11-01,2023-11-01 05:09:28,DESCENDING,22,022_045867_IW2,IW2,VV,SENTINEL-1A
S1_154962_IW2_20231104T164441_VV_F1C3-BURST,2023-11-04,2023-11-04 16:44:42,ASCENDING,73,073_154962_IW2,IW2,VV,SENTINEL-1A
S1_374052_IW1_20231111T163630_VV_1D60-BURST,2023-11-11,2023-11-11 16:36:31,ASCENDING,175,175_374052_IW1,IW1,VV,SENTINEL-1A
S1_374053_IW1_20231111T163632_VV_0508-BURST,2023-11-11,2023-11-11 16:36:33,ASCENDING,175,175_374053_IW1,IW1,VV,SENTINEL-1A
S1_045866_IW2_20231113T050924_VV_A8B4-BURST,2023-11-13,2023-11-13 05:09:25,DESCENDING,22,022_045866_IW2,IW2,VV,SENTINEL-1A
S1_045867_IW2_20231113T050927_VV_A8B4-BURST,2023-11-13,2023-11-13 05:09:28,DESCENDING,22,022_045867_IW2,IW2,VV,SENTINEL-1A
S1_154962_IW2_20231116T164441_VV_295E-BURST,2023-11-16,2023-11-16 16:44:42,ASCENDING,73,073_154962_IW2,IW2,VV,SENTINEL-1A
S1_374052_IW1_20231123T163629_VV_220A-BURST,2023-11-23,2023-11-23 16:36:30,ASCENDING,175,175_374052_IW1,IW1,VV,SENTINEL-1A
S1_374053_IW1_20231123T163632_VV_199D-BURST,2023-11-23,2023-11-23 16:36:33,ASCENDING,175,175_374053_IW1,IW1,VV,SENTINEL-1A
S1_045866_IW2_20231125T050923_VV_EAD1-BURST,2023-11-25,2023-11-25 05:09:24,DESCENDING,22,022_045866_IW2,IW2,VV,SENTINEL-1A
S1_045867_IW2_20231125T050926_VV_EAD1-BURST,2023-11-25,2023-11-25 05:09:27,DESCENDING,22,022_045867_IW2,IW2,VV,SENTINEL-1A
S1_154962_IW2_20231128T164440_VV_F6C8-BURST,2023-11-28,2023-11-28 16:44:41,ASCENDING,73,073_154962_IW2,IW2,VV,SENTINEL-1A
S1_374052_IW1_20231205T163629_VV_DCD8-BURST,2023-12-05,2023-12-05 16:36:30,ASCENDING,175,175_374052_IW1,IW1,VV,SENTINEL-1A
S1_374053_IW1_20231205T163632_VV_1390-BURST,2023-12-05,2023-12-05 16:36:33,ASCENDING,175,175_374053_IW1,IW1,VV,SENTINEL-1A
S1_045866_IW2_20231207T050923_VV_1E15-BURST,2023-12-07,2023-12-07 05:09:24,DESCENDING,22,022_045866_IW2,IW2,VV,SENTINEL-1A
S1_045867_IW2_20231207T050926_VV_1E15-BURST,2023-12-07,2023-12-07 05:09:27,DESCENDING,22,022_045867_IW2,IW2,VV,SENTINEL-1A
S1_154962_IW2_20231210T164440_VV_9D53-BURST,2023-12-10,2023-12-10 16:44:41,ASCENDING,73,073_154962_IW2,IW2,VV,SENTINEL-1A
S1_374052_IW1_20231217T163628_VV_73A2-BURST,2023-12-17,2023-12-17 16:36:29,ASCENDING,175,175_374052_IW1,IW1,VV,SENTINEL-1A
S1_374053_IW1_20231217T163631_VV_9F00-BURST,2023-12-17,2023-12-17 16:36:32,ASCENDING,175,175_374053_IW1,IW1,VV,SENTINEL-1A
S1_045866_IW2_20231219T050922_VV_3E6C-BURST,2023-12-19,2023-12-19 05:09:23,DESCENDING,22,022_045866_IW2,IW2,VV,SENTINEL-1A
S1_045867_IW2_20231219T050925_VV_3E6C-BURST,2023-12-19,2023-12-19 05:09:26,DESCENDING,22,022_045867_IW2,IW2,VV,SENTINEL-1A
S1_154962_IW2_20231222T164439_VV_3D2E-BURST,2023-12-22,2023-12-22 16:44:40,ASCENDING,73,073_154962_IW2,IW2,VV,SENTINEL-1A
S1_374052_IW1_20231229T163627_VV_BD5D-BURST,2023-12-29,2023-12-29 16:36:29,ASCENDING,175,175_374052_IW1,IW1,VV,SENTINEL-1A
S1_374053_IW1_20231229T163630_VV_2CA4-BURST,2023-12-29,2023-12-29 16:36:31,ASCENDING,175,175_374053_IW1,IW1,VV,SENTINEL-1A
S1_045866_IW2_20231231T050922_VV_A7F1-BURST,2023-12-31,2023-12-31 05:09:23,DESCENDING,22,022_045866_IW2,IW2,VV,SENTINEL-1A
S1_045867_IW2_20231231T050924_VV_A7F1-BURST,2023-12-31,2023-12-31 05:09:26,DESCENDING,22,022_045867_IW2,IW2,VV,SENTINEL-1A
S1_154962_IW2_20240103T164438_VV_CE23-BURST,2024-01-03,2024-01-03 16:44:39,ASCENDING,73,073_154962_IW2,IW2,VV,SENTINEL-1A
S1_374052_IW1_20240110T163627_VV_918D-BURST,2024-01-10,2024-01-10 16:36:28,ASCENDING,175,175_374052_IW1,IW1,VV,SENTINEL-1A
S1_374053_IW1_20240110T163630_VV_2BF9-BURST,2024-01-10,2024-01-10 16:36:31,ASCENDING,175,175_374053_IW1,IW1,VV,SENTINEL-1A
S1_045866_IW2_20240112T050921_VV_206E-BURST,2024-01-12,2024-01-12 05:09:22,DESCENDING,22,022_045866_IW2,IW2,VV,SENTINEL-1A
S1_045867_IW2_20240112T050924_VV_206E-BURST,2024-01-12,2024-01-12 05:09:25,DESCENDING,22,022_045867_IW2,IW2,VV,SENTINEL-1A
S1_154962_IW2_20240115T164437_VV_3C22-BURST,2024-01-15,2024-01-15 16:44:38,ASCENDING,73,073_154962_IW2,IW2,VV,SENTINEL-1A
S1_374052_IW1_20240122T163627_VV_B84D-BURST,2024-01-22,2024-01-22 16:36:28,ASCENDING,175,175_374052_IW1,IW1,VV,SENTINEL-1A
S1_374053_IW1_20240122T163629_VV_83EF-BURST,2024-01-22,2024-01-22 16:36:30,ASCENDING,175,175_374053_IW1,IW1,VV,SENTINEL-1A
S1_045866_IW2_20240124T050921_VV_8033-BURST,2024-01-24,2024-01-24 05:09:22,DESCENDING,22,022_045866_IW2,IW2,VV,SENTINEL-1A
S1_045867_IW2_20240124T050923_VV_8033-BURST,2024-01-24,2024-01-24 05:09:24,DESCENDING,22,022_045867_IW2,IW2,VV,SENTINEL-1A
S1_154962_IW2_20240127T164437_VV_70E3-BURST,2024-01-27,2024-01-27 16:44:38,ASCENDING,73,073_154962_IW2,IW2,VV,SENTINEL-1A
S1_374052_IW1_20240203T163626_VV_0942-BURST,2024-02-03,2024-02-03 16:36:27,ASCENDING,175,175_374052_IW1,IW1,VV,SENTINEL-1A
S1_374053_IW1_20240203T163629_VV_889A-BURST,2024-02-03,2024-02-03 16:36:30,ASCENDING,175,175_374053_IW1,IW1,VV,SENTINEL-1A
S1_045866_IW2_20240205T050920_VV_67AD-BURST,2024-02-05,2024-02-05 05:09:21,DESCENDING,22,022_045866_IW2,IW2,VV,SENTINEL-1A
S1_045867_IW2_20240205T050923_VV_67AD-BURST,2024-02-05,2024-02-05 05:09:24,DESCENDING,22,022_045867_IW2,IW2,VV,SENTINEL-1A
S1_154962_IW2_20240208T164437_VV_DE1F-BURST,2024-02-08,2024-02-08 16:44:38,ASCENDING,73,073_154962_IW2,IW2,VV,SENTINEL-1A
S1_374052_IW1_20240215T163626_VV_6DB6-BURST,2024-02-15,2024-02-15 16:36:27,ASCENDING,175,175_374052_IW1,IW1,VV,SENTINEL-1A
S1_374053_IW1_20240215T163629_VV_94F2-BURST,2024-02-15,2024-02-15 16:36:30,ASCENDING,175,175_374053_IW1,IW1,VV,SENTINEL-1A
S1_045866_IW2_20240217T050920_VV_6655-BURST,2024-02-17,2024-02-17 05:09:21,DESCENDING,22,022_045866_IW2,IW2,VV,SENTINEL-1A
S1_045867_IW2_20240217T050923_VV_6655-BURST,2024-02-17,2024-02-17 05:09:24,DESCENDING,22,022_045867_IW2,IW2,VV,SENTINEL-1A
S1_154962_IW2_20240220T164437_VV_DF1D-BURST,2024-02-20,2024-02-20 16:44:38,ASCENDING,73,073_154962_IW2,IW2,VV,SENTINEL-1A
S1_374052_IW1_20240227T163626_VV_4648-BURST,2024-02-27,2024-02-27 16:36:27,ASCENDING,175,175_374052_IW1,IW1,VV,SENTINEL-1A
S1_374053_IW1_20240227T163628_VV_CD08-BURST,2024-02-27,2024-02-27 16:36:30,ASCENDING,175,175_374053_IW1,IW1,VV,SENTINEL-1A
S1_045866_IW2_20240229T050920_VV_6FDD-BURST,2024-02-29,2024-02-29 05:09:21,DESCENDING,22,022_045866_IW2,IW2,VV,SENTINEL-1A
S1_045867_IW2_20240229T050923_VV_6FDD-BURST,2024-02-29,2024-02-29 05:09:24,DESCENDING,22,022_045867_IW2,IW2,VV,SENTINEL-1A
S1_154962_IW2_20240303T164437_VV_D230-BURST,2024-03-03,2024-03-03 16:44:38,ASCENDING,73,073_154962_IW2,IW2,VV,SENTINEL-1A
S1_374052_IW1_20240310T163626_VV_F04B-BURST,2024-03-10,2024-03-10 16:36:27,ASCENDING,175,175_374052_IW1,IW1,VV,SENTINEL-1A
S1_374053_IW1_20240310T163629_VV_D27E-BURST,2024-03-10,2024-03-10 16:36:30,ASCENDING,175,175_374053_IW1,IW1,VV,SENTINEL-1A
S1_045866_IW2_20240312T050920_VV_E8B1-BURST,2024-03-12,2024-03-12 05:09:21,DESCENDING,22,022_045866_IW2,IW2,VV,SENTINEL-1A
S1_045867_IW2_20240312T050923_VV_E8B1-BURST,2024-03-12,2024-03-12 05:09:24,DESCENDING,22,022_045867_IW2,IW2,VV,SENTINEL-1A
S1_154962_IW2_20240315T164437_VV_4271-BURST,2024-03-15,2024-03-15 16:44:38,ASCENDING,73,073_154962_IW2,IW2,VV,SENTINEL-1A
S1_374052_IW1_20240322T163626_VV_AAD0-BURST,2024-03-22,2024-03-22 16:36:27,ASCENDING,175,175_374052_IW1,IW1,VV,SENTINEL-1A
S1_374053_IW1_20240322T163629_VV_5D56-BURST,2024-03-22,2024-03-22 16:36:30,ASCENDING,175,175_374053_IW1,IW1,VV,SENTINEL-1A
S1_045866_IW2_20240324T050920_VV_E19E-BURST,2024-03-24,2024-03-24 05:09:21,DESCENDING,22,022_045866_IW2,IW2,VV,SENTINEL-1A
S1_045867_IW2_20240324T050923_VV_E19E-BURST,2024-03-24,2024-03-24 05:09:24,DESCENDING,22,022_045867_IW2,IW2,VV,SENTINEL-1A
S1_154962_IW2_20240327T164437_VV_DE7E-BURST,2024-03-27,2024-03-27 16:44:38,ASCENDING,73,073_154962_IW2,IW2,VV,SENTINEL-1A
S1_374052_IW1_20240403T163627_VV_4330-BURST,2024-04-03,2024-04-03 16:36:28,ASCENDING,175,175_374052_IW1,IW1,VV,SENTINEL-1A
S1_374053_IW1_20240403T163630_VV_5B72-BURST,2024-04-03,2024-04-03 16:36:31,ASCENDING,175,175_374053_IW1,IW1,VV,SENTINEL-1A
S1_045866_IW2_20240405T050921_VV_7268-BURST,2024-04-05,2024-04-05 05:09:22,DESCENDING,22,022_045866_IW2,IW2,VV,SENTINEL-1A
S1_045867_IW2_20240405T050924_VV_7268-BURST,2024-04-05,2024-04-05 05:09:25,DESCENDING,22,022_045867_IW2,IW2,VV,SENTINEL-1A
S1_154962_IW2_20240408T164438_VV_4077-BURST,2024-04-08,2024-04-08 16:44:39,ASCENDING,73,073_154962_IW2,IW2,VV,SENTINEL-1A
S1_374052_IW1_20240415T163627_VV_4B8F-BURST,2024-04-15,2024-04-15 16:36:28,ASCENDING,175,175_374052_IW1,IW1,VV,SENTINEL-1A
S1_374053_IW1_20240415T163629_VV_1CA0-BURST,2024-04-15,2024-04-15 16:36:30,ASCENDING,175,175_374053_IW1,IW1,VV,SENTINEL-1A
S1_045866_IW2_20240417T050921_VV_B4FA-BURST,2024-04-17,2024-04-17 05:09:22,DESCENDING,22,022_045866_IW2,IW2,VV,SENTINEL-1A
S1_045867_IW2_20240417T050924_VV_B4FA-BURST,2024-04-17,2024-04-17 05:09:25,DESCENDING,22,022_045867_IW2,IW2,VV,SENTINEL-1A
S1_154962_IW2_20240420T164438_VV_4061-BURST,2024-04-20,2024-04-20 16:44:39,ASCENDING,73,073_154962_IW2,IW2,VV,SENTINEL-1A
S1_374052_IW1_20240427T163627_VV_2C8D-BURST,2024-04-27,2024-04-27 16:36:28,ASCENDING,175,175_374052_IW1,IW1,VV,SENTINEL-1A
S1_374053_IW1_20240427T163630_VV_5B2A-BURST,2024-04-27,2024-04-27 16:36:31,ASCENDING,175,175_374053_IW1,IW1,VV,SENTINEL-1A
S1_045866_IW2_20240429T050922_VV_1DE9-BURST,2024-04-29,2024-04-29 05:09:23,DESCENDING,22,022_045866_IW2,IW2,VV,SENTINEL-1A
S1_045867_IW2_20240429T050924_VV_1DE9-BURST,2024-04-29,2024-04-29 05:09:25,DESCENDING,22,022_045867_IW2,IW2,VV,SENTINEL-1A
S1_154962_IW2_20240502T164438_VV_6F89-BURST,2024-05-02,2024-05-02 16:44:39,ASCENDING,73,073_154962_IW2,IW2,VV,SENTINEL-1A
S1_374052_IW1_20240509T163628_VV_3C8D-BURST,2024-05-09,2024-05-09 16:36:29,ASCENDING,175,175_374052_IW1,IW1,VV,SENTINEL-1A
S1_374053_IW1_20240509T163630_VV_5CE1-BURST,2024-05-09,2024-05-09 16:36:31,ASCENDING,175,175_374053_IW1,IW1,VV,SENTINEL-1A
S1_045866_IW2_20240511T050922_VV_59B3-BURST,2024-05-11,2024-05-11 05:09:23,DESCENDING,22,022_045866_IW2,IW2,VV,SENTINEL-1A
S1_045867_IW2_20240511T050924_VV_59B3-BURST,2024-05-11,2024-05-11 05:09:25,DESCENDING,22,022_045867_IW2,IW2,VV,SENTINEL-1A
S1_154962_IW2_20240514T164438_VV_CCEA-BURST,2024-05-14,2024-05-14 16:44:39,ASCENDING,73,073_154962_IW2,IW2,VV,SENTINEL-1A
S1_374052_IW1_20240521T163627_VV_1C1B-BURST,2024-05-21,2024-05-21 16:36:28,ASCENDING,175,175_374052_IW1,IW1,VV,SENTINEL-1A
S1_374053_IW1_20240521T163629_VV_1FE6-BURST,2024-05-21,2024-05-21 16:36:31,ASCENDING,175,175_374053_IW1,IW1,VV,SENTINEL-1A
S1_045866_IW2_20240523T050921_VV_1FAE-BURST,2024-05-23,2024-05-23 05:09:22,DESCENDING,22,022_045866_IW2,IW2,VV,SENTINEL-1A
S1_045867_IW2_20240523T050924_VV_1FAE-BURST,2024-05-23,2024-05-23 05:09:25,DESCENDING,22,022_045867_IW2,IW2,VV,SENTINEL-1A
S1_154962_IW2_20240526T164438_VV_3791-BURST,2024-05-26,2024-05-26 16:44:39,ASCENDING,73,073_154962_IW2,IW2,VV,SENTINEL-1A
S1_374052_IW1_20240602T163627_VV_13D7-BURST,2024-06-02,2024-06-02 16:36:28,ASCENDING,175,175_374052_IW1,IW1,VV,SENTINEL-1A
S1_374053_IW1_20240602T163630_VV_DB6F-BURST,2024-06-02,2024-06-02 16:36:31,ASCENDING,175,175_374053_IW1,IW1,VV,SENTINEL-1A
S1_045866_IW2_20240604T050921_VV_79C9-BURST,2024-06-04,2024-06-04 05:09:22,DESCENDING,22,022_045866_IW2,IW2,VV,SENTINEL-1A
S1_045867_IW2_20240604T050924_VV_79C9-BURST,2024-06-04,2024-06-04 05:09:25,DESCENDING,22,022_045867_IW2,IW2,VV,SENTINEL-1A
S1_154962_IW2_20240607T164437_VV_1F30-BURST,2024-06-07,2024-06-07 16:44:38,ASCENDING,73,073_154962_IW2,IW2,VV,SENTINEL-1A
S1_374052_IW1_20240614T163626_VV_D0B5-BURST,2024-06-14,2024-06-14 16:36:28,ASCENDING,175,175_374052_IW1,IW1,VV,SENTINEL-1A
S1_374053_IW1_20240614T163629_VV_D928-BURST,2024-06-14,2024-06-14 16:36:30,ASCENDING,175,175_374053_IW1,IW1,VV,SENTINEL-1A
S1_045866_IW2_20240616T050921_VV_1C3D-BURST,2024-06-16,2024-06-16 05:09:22,DESCENDING,22,022_045866_IW2,IW2,VV,SENTINEL-1A
S1_045867_IW2_20240616T050923_VV_1C3D-BURST,2024-06-16,2024-06-16 05:09:24,DESCENDING,22,022_045867_IW2,IW2,VV,SENTINEL-1A
S1_154962_IW2_20240619T164437_VV_1612-BURST,2024-06-19,2024-06-19 16:44:38,ASCENDING,73,073_154962_IW2,IW2,VV,SENTINEL-1A
S1_374052_IW1_20240626T163626_VV_17EA-BURST,2024-06-26,2024-06-26 16:36:27,ASCENDING,175,175_374052_IW1,IW1,VV,SENTINEL-1A
S1_374053_IW1_20240626T163628_VV_BEFD-BURST,2024-06-26,2024-06-26 16:36:30,ASCENDING,175,175_374053_IW1,IW1,VV,SENTINEL-1A
S1_154962_IW2_20240701T164436_VV_90A5-BURST,2024-07-01,2024-07-01 16:44:37,ASCENDING,73,073_154962_IW2,IW2,VV,SENTINEL-1A
S1_045866_IW2_20240710T050919_VV_3C4E-BURST,2024-07-10,2024-07-10 05:09:21,DESCENDING,22,022_045866_IW2,IW2,VV,SENTINEL-1A
S1_045867_IW2_20240710T050922_VV_3C4E-BURST,2024-07-10,2024-07-10 05:09:23,DESCENDING,22,022_045867_IW2,IW2,VV,SENTINEL-1A
S1_154962_IW2_20240713T164436_VV_C277-BURST,2024-07-13,2024-07-13 16:44:37,ASCENDING,73,073_154962_IW2,IW2,VV,SENTINEL-1A
S1_374052_IW1_20240720T163625_VV_E8B8-BURST,2024-07-20,2024-07-20 16:36:26,ASCENDING,175,175_374052_IW1,IW1,VV,SENTINEL-1A
S1_374053_IW1_20240720T163628_VV_5D97-BURST,2024-07-20,2024-07-20 16:36:29,ASCENDING,175,175_374053_IW1,IW1,VV,SENTINEL-1A
S1_045866_IW2_20240722T050919_VV_10FA-BURST,2024-07-22,2024-07-22 05:09:20,DESCENDING,22,022_045866_IW2,IW2,VV,SENTINEL-1A
S1_045867_IW2_20240722T050922_VV_10FA-BURST,2024-07-22,2024-07-22 05:09:23,DESCENDING,22,022_045867_IW2,IW2,VV,SENTINEL-1A
S1_154962_IW2_20240725T164436_VV_8847-BURST,2024-07-25,2024-07-25 16:44:37,ASCENDING,73,073_154962_IW2,IW2,VV,SENTINEL-1A
S1_374052_IW1_20240801T163625_VV_8DF6-BURST,2024-08-01,2024-08-01 16:36:26,ASCENDING,175,175_374052_IW1,IW1,VV,SENTINEL-1A
S1_374053_IW1_20240801T163628_VV_5771-BURST,2024-08-01,2024-08-01 16:36:29,ASCENDING,175,175_374053_IW1,IW1,VV,SENTINEL-1A
S1_045866_IW2_20240803T050919_VV_CF6F-BURST,2024-08-03,2024-08-03 05:09:20,DESCENDING,22,022_045866_IW2,IW2,VV,SENTINEL-1A
S1_045867_IW2_20240803T050922_VV_CF6F-BURST,2024-08-03,2024-08-03 05:09:23,DESCENDING,22,022_045867_IW2,IW2,VV,SENTINEL-1A
S1_154962_IW2_20240806T164436_VV_A011-BURST,2024-08-06,2024-08-06 16:44:37,ASCENDING,73,073_154962_IW2,IW2,VV,SENTINEL-1A
S1_374052_IW1_20240813T163624_VV_A6F3-BURST,2024-08-13,2024-08-13 16:36:25,ASCENDING,175,175_374052_IW1,IW1,VV,SENTINEL-1A
S1_374053_IW1_20240813T163627_VV_1ADB-BURST,2024-08-13,2024-08-13 16:36:28,ASCENDING,175,175_374053_IW1,IW1,VV,SENTINEL-1A
S1_045866_IW2_20240815T050919_VV_0513-BURST,2024-08-15,2024-08-15 05:09:20,DESCENDING,22,022_045866_IW2,IW2,VV,SENTINEL-1A
S1_045867_IW2_20240815T050922_VV_0513-BURST,2024-08-15,2024-08-15 05:09:23,DESCENDING,22,022_045867_IW2,IW2,VV,SENTINEL-1A
S1_154962_IW2_20240818T164436_VV_9267-BURST,2024-08-18,2024-08-18 16:44:37,ASCENDING,73,073_154962_IW2,IW2,VV,SENTINEL-1A
S1_374052_IW1_20240825T163625_VV_8F71-BURST,2024-08-25,2024-08-25 16:36:26,ASCENDING,175,175_374052_IW1,IW1,VV,SENTINEL-1A
S1_374053_IW1_20240825T163628_VV_3C5B-BURST,2024-08-25,2024-08-25 16:36:29,ASCENDING,175,175_374053_IW1,IW1,VV,SENTINEL-1A
S1_045866_IW2_20240827T050919_VV_9BBC-BURST,2024-08-27,2024-08-27 05:09:20,DESCENDING,22,022_045866_IW2,IW2,VV,SENTINEL-1A
S1_045867_IW2_20240827T050922_VV_9BBC-BURST,2024-08-27,2024-08-27 05:09:23,DESCENDING,22,022_045867_IW2,IW2,VV,SENTINEL-1A
S1_154962_IW2_20240830T164436_VV_B916-BURST,2024-08-30,2024-08-30 16:44:37,ASCENDING,73,073_154962_IW2,IW2,VV,SENTINEL-1A
S1_374052_IW1_20240906T163625_VV_338B-BURST,2024-09-06,2024-09-06 16:36:26,ASCENDING,175,175_374052_IW1,IW1,VV,SENTINEL-1A
S1_374053_IW1_20240906T163628_VV_310D-BURST,2024-09-06,2024-09-06 16:36:29,ASCENDING,175,175_374053_IW1,IW1,VV,SENTINEL-1A
S1_045866_IW2_20240908T050920_VV_2D2C-BURST,2024-09-08,2024-09-08 05:09:21,DESCENDING,22,022_045866_IW2,IW2,VV,SENTINEL-1A
S1_045867_IW2_20240908T050922_VV_2D2C-BURST,2024-09-08,2024-09-08 05:09:23,DESCENDING,22,022_045867_IW2,IW2,VV,SENTINEL-1A
S1_154962_IW2_20240911T164436_VV_F675-BURST,2024-09-11,2024-09-11 16:44:37,ASCENDING,73,073_154962_IW2,IW2,VV,SENTINEL-1A
S1_374052_IW1_20240918T163626_VV_E718-BURST,2024-09-18,2024-09-18 16:36:27,ASCENDING,175,175_374052_IW1,IW1,VV,SENTINEL-1A
S1_374053_IW1_20240918T163629_VV_5979-BURST,2024-09-18,2024-09-18 16:36:30,ASCENDING,175,175_374053_IW1,IW1,VV,SENTINEL-1A
S1_045866_IW2_20240920T050920_VV_01ED-BURST,2024-09-20,2024-09-20 05:09:21,DESCENDING,22,022_045866_IW2,IW2,VV,SENTINEL-1A
S1_045867_IW2_20240920T050923_VV_01ED-BURST,2024-09-20,2024-09-20 05:09:24,DESCENDING,22,022_045867_IW2,IW2,VV,SENTINEL-1A
S1_154962_IW2_20240923T164437_VV_A4D9-BURST,2024-09-23,2024-09-23 16:44:38,ASCENDING,73,073_154962_IW2,IW2,VV,SENTINEL-1A
S1_374052_IW1_20240930T163626_VV_3532-BURST,2024-09-30,2024-09-30 16:36:27,ASCENDING,175,175_374052_IW1,IW1,VV,SENTINEL-1A
S1_374053_IW1_20240930T163629_VV_B6F8-BURST,2024-09-30,2024-09-30 16:36:30,ASCENDING,175,175_374053_IW1,IW1,VV,SENTINEL-1A
S1_045866_IW2_20241002T050920_VV_86BF-BURST,2024-10-02,2024-10-02 05:09:21,DESCENDING,22,022_045866_IW2,IW2,VV,SENTINEL-1A
S1_045867_IW2_20241002T050923_VV_86BF-BURST,2024-10-02,2024-10-02 05:09:24,DESCENDING,22,022_045867_IW2,IW2,VV,SENTINEL-1A
S1_154962_IW2_20241005T164437_VV_9E09-BURST,2024-10-05,2024-10-05 16:44:38,ASCENDING,73,073_154962_IW2,IW2,VV,SENTINEL-1A
S1_374052_IW1_20241012T163626_VV_8AC2-BURST,2024-10-12,2024-10-12 16:36:27,ASCENDING,175,175_374052_IW1,IW1,VV,SENTINEL-1A
S1_374053_IW1_20241012T163629_VV_EA20-BURST,2024-10-12,2024-10-12 16:36:30,ASCENDING,175,175_374053_IW1,IW1,VV,SENTINEL-1A
S1_045866_IW2_20241014T050921_VV_B810-BURST,2024-10-14,2024-10-14 05:09:22,DESCENDING,22,022_045866_IW2,IW2,VV,SENTINEL-1A
S1_045867_IW2_20241014T050923_VV_B810-BURST,2024-10-14,2024-10-14 05:09:24,DESCENDING,22,022_045867_IW2,IW2,VV,SENTINEL-1A
S1_154962_IW2_20241017T164437_VV_267E-BURST,2024-10-17,2024-10-17 16:44:38,ASCENDING,73,073_154962_IW2,IW2,VV,SENTINEL-1A
S1_374052_IW1_20241024T163626_VV_18DA-BURST,2024-10-24,2024-10-24 16:36:27,ASCENDING,175,175_374052_IW1,IW1,VV,SENTINEL-1A
S1_374053_IW1_20241024T163629_VV_545B-BURST,2024-10-24,2024-10-24 16:36:30,ASCENDING,175,175_374053_IW1,IW1,VV,SENTINEL-1A
S1_045866_IW2_20241026T050920_VV_8FFD-BURST,2024-10-26,2024-10-26 05:09:21,DESCENDING,22,022_045866_IW2,IW2,VV,SENTINEL-1A
S1_045867_IW2_20241026T050923_VV_8FFD-BURST,2024-10-26,2024-10-26 05:09:24,DESCENDING,22,022_045867_IW2,IW2,VV,SENTINEL-1A
S1_154962_IW2_20241029T164437_VV_0C6D-BURST,2024-10-29,2024-10-29 16:44:38,ASCENDING,73,073_154962_IW2,IW2,VV,SENTINEL-1A
S1_374052_IW1_20241105T163626_VV_4D47-BURST,2024-11-05,2024-11-05 16:36:27,ASCENDING,175,175_374052_IW1,IW1,VV,SENTINEL-1A
S1_374053_IW1_20241105T163629_VV_780D-BURST,2024-11-05,2024-11-05 16:36:30,ASCENDING,175,175_374053_IW1,IW1,VV,SENTINEL-1A
S1_045866_IW2_20241107T050920_VV_EBAD-BURST,2024-11-07,2024-11-07 05:09:21,DESCENDING,22,022_045866_IW2,IW2,VV,SENTINEL-1A
S1_045867_IW2_20241107T050923_VV_EBAD-BURST,2024-11-07,2024-11-07 05:09:24,DESCENDING,22,022_045867_IW2,IW2,VV,SENTINEL-1A
S1_154962_IW2_20241110T164437_VV_BCC9-BURST,2024-11-10,2024-11-10 16:44:38,ASCENDING,73,073_154962_IW2,IW2,VV,SENTINEL-1A
S1_374052_IW1_20241117T163626_VV_9320-BURST,2024-11-17,2024-11-17 16:36:27,ASCENDING,175,175_374052_IW1,IW1,VV,SENTINEL-1A
S1_374053_IW1_20241117T163628_VV_F933-BURST,2024-11-17,2024-11-17 16:36:30,ASCENDING,175,175_374053_IW1,IW1,VV,SENTINEL-1A
S1_045866_IW2_20241119T050920_VV_AE4C-BURST,2024-11-19,2024-11-19 05:09:21,DESCENDING,22,022_045866_IW2,IW2,VV,SENTINEL-1A
S1_045867_IW2_20241119T050922_VV_AE4C-BURST,2024-11-19,2024-11-19 05:09:24,DESCENDING,22,022_045867_IW2,IW2,VV,SENTINEL-1A
S1_154962_IW2_20241122T164436_VV_46A4-BURST,2024-11-22,2024-11-22 16:44:37,ASCENDING,73,073_154962_IW2,IW2,VV,SENTINEL-1A
S1_374052_IW1_20241129T163625_VV_2946-BURST,2024-11-29,2024-11-29 16:36:26,ASCENDING,175,175_374052_IW1,IW1,VV,SENTINEL-1A
S1_374053_IW1_20241129T163628_VV_16B1-BURST,2024-11-29,2024-11-29 16:36:29,ASCENDING,175,175_374053_IW1,IW1,VV,SENTINEL-1A
S1_154962_IW2_20241204T164435_VV_7558-BURST,2024-12-04,2024-12-04 16:44:36,ASCENDING,73,073_154962_IW2,IW2,VV,SENTINEL-1A
S1_374052_IW1_20241211T163624_VV_75E3-BURST,2024-12-11,2024-12-11 16:36:25,ASCENDING,175,175_374052_IW1,IW1,VV,SENTINEL-1A
S1_374053_IW1_20241211T163627_VV_646C-BURST,2024-12-11,2024-12-11 16:36:28,ASCENDING,175,175_374053_IW1,IW1,VV,SENTINEL-1A
S1_045866_IW2_20241213T050918_VV_4B83-BURST,2024-12-13,2024-12-13 05:09:19,DESCENDING,22,022_045866_IW2,IW2,VV,SENTINEL-1A
S1_045867_IW2_20241213T050921_VV_4B83-BURST,2024-12-13,2024-12-13 05:09:22,DESCENDING,22,022_045867_IW2,IW2,VV,SENTINEL-1A
S1_154962_IW2_20241216T164434_VV_EE1D-BURST,2024-12-16,2024-12-16 16:44:35,ASCENDING,73,073_154962_IW2,IW2,VV,SENTINEL-1A
S1_374052_IW1_20241223T163623_VV_1B95-BURST,2024-12-23,2024-12-23 16:36:24,ASCENDING,175,175_374052_IW1,IW1,VV,SENTINEL-1A
S1_374053_IW1_20241223T163625_VV_3255-BURST,2024-12-23,2024-12-23 16:36:27,ASCENDING,175,175_374053_IW1,IW1,VV,SENTINEL-1A
S1_045866_IW2_20241225T050917_VV_7A63-BURST,2024-12-25,2024-12-25 05:09:18,DESCENDING,22,022_045866_IW2,IW2,VV,SENTINEL-1A
S1_045867_IW2_20241225T050919_VV_7A63-BURST,2024-12-25,2024-12-25 05:09:20,DESCENDING,22,022_045867_IW2,IW2,VV,SENTINEL-1A
S1_154962_IW2_20241228T164433_VV_6152-BURST,2024-12-28,2024-12-28 16:44:34,ASCENDING,73,073_154962_IW2,IW2,VV,SENTINEL-1A
