pair,ref_date,sec_date,coh_aoi_mean,coh_aoi_median,coh_out_mean,frac_aoi_coh_gt_0p3,dt_days,season,keep
20220108_20220120,2022-01-08,2022-01-20,0.4590683,0.43642914,0.39420804,0.8528368794326241,12,DJF,True
20220108_20220201,2022-01-08,2022-02-01,0.3607035,0.33252555,0.416841,0.6524822695035462,24,DJF,True
20220108_20220213,2022-01-08,2022-02-13,0.36735368,0.336183,0.53651595,0.6737588652482269,36,DJF,True
20220108_20220225,2022-01-08,2022-02-25,0.30929095,0.3007754,0.422998,0.5035460992907801,48,DJF,True
20220120_20220201,2022-01-20,2022-02-01,0.3059095,0.29735678,0.3571798,0.48226950354609927,12,DJF,True
20220120_20220213,2022-01-20,2022-02-13,0.48347458,0.45569277,0.6395131,0.8209219858156028,24,DJF,True
20220120_20220225,2022-01-20,2022-02-25,0.35397112,0.31878868,0.49029484,0.6187943262411347,36,DJF,True
20220120_20220309,2022-01-20,2022-03-09,0.36815217,0.3464502,0.4106403,0.700354609929078,48,DJF,True
20220201_20220213,2022-02-01,2022-02-13,0.30815563,0.29759222,0.4401943,0.4858156028368794,12,DJF,True
20220201_20220225,2022-02-01,2022-02-25,0.2981671,0.2907256,0.37744805,0.4166666666666667,24,DJF,False
20220201_20220309,2022-02-01,2022-03-09,0.30097616,0.2944457,0.3168984,0.44680851063829785,36,DJF,True
20220201_20220321,2022-02-01,2022-03-21,0.29740608,0.2922708,0.30713877,0.44680851063829785,48,DJF,False
20220213_20220225,2022-02-13,2022-02-25,0.57035255,0.57025766,0.6948262,0.8705673758865248,12,DJF,True
20220213_20220309,2022-02-13,2022-03-09,0.4925135,0.47750974,0.46739164,0.8421985815602837,24,DJF,True
20220213_20220321,2022-02-13,2022-03-21,0.37096325,0.35656786,0.3515061,0.7092198581560284,36,DJF,True
20220213_20220402,2022-02-13,2022-04-02,0.36226472,0.34839082,0.3331587,0.7358156028368794,48,DJF,True
20220225_20220309,2022-02-25,2022-03-09,0.78634393,0.81404454,0.6206979,0.9911347517730497,12,DJF,True
20220225_20220321,2022-02-25,2022-03-21,0.40519568,0.40329754,0.37062812,0.8120567375886525,24,DJF,True
20220225_20220402,2022-02-25,2022-04-02,0.31405556,0.30481905,0.3380443,0.5301418439716312,36,DJF,True
20220225_20220414,2022-02-25,2022-04-14,0.3410714,0.32747698,0.36034214,0.6294326241134752,48,DJF,True
20220309_20220321,2022-03-09,2022-03-21,0.6847714,0.7584195,0.52075,0.9273049645390071,12,MAM,True
20220309_20220402,2022-03-09,2022-04-02,0.5289479,0.52790403,0.39189127,0.8882978723404256,24,MAM,True
20220309_20220414,2022-03-09,2022-04-14,0.61566603,0.62988883,0.52227443,0.9468085106382979,36,MAM,True
20220309_20220426,2022-03-09,2022-04-26,0.43564686,0.4147955,0.44926676,0.7854609929078015,48,MAM,True
20220321_20220402,2022-03-21,2022-04-02,0.7342314,0.8187555,0.49486652,0.9397163120567376,12,MAM,True
20220321_20220414,2022-03-21,2022-04-14,0.7862881,0.83723307,0.49355176,0.9946808510638298,24,MAM,True
20220321_20220426,2022-03-21,2022-04-26,0.63883793,0.6578276,0.7223486,0.9237588652482269,36,MAM,True
20220321_20220508,2022-03-21,2022-05-08,0.33472216,0.32000583,0.35000545,0.6365248226950354,48,MAM,True
20220402_20220414,2022-04-02,2022-04-14,0.8848069,0.92313045,0.4193592,1.0,12,MAM,True
20220402_20220426,2022-04-02,2022-04-26,0.88765454,0.91975856,0.4629905,1.0,24,MAM,True
20220402_20220508,2022-04-02,2022-05-08,0.47874874,0.47982585,0.3974599,0.8120567375886525,36,MAM,True
20220402_20220520,2022-04-02,2022-05-20,0.3149802,0.30753076,0.3293984,0.5460992907801419,48,MAM,True
20220414_20220426,2022-04-14,2022-04-26,0.92426836,0.94488746,0.64433473,1.0,12,MAM,True
20220414_20220508,2022-04-14,2022-05-08,0.44557363,0.43649173,0.37073654,0.776595744680851,24,MAM,True
20220414_20220520,2022-04-14,2022-05-20,0.3080218,0.30158722,0.3186804,0.5124113475177305,36,MAM,True
20220414_20220601,2022-04-14,2022-06-01,0.29338363,0.2921881,0.30659142,0.44148936170212766,48,MAM,False
20220426_20220508,2022-04-26,2022-05-08,0.6158207,0.6563429,0.4164574,0.9184397163120568,12,MAM,True
20220426_20220520,2022-04-26,2022-05-20,0.32078454,0.31113297,0.3279925,0.5709219858156028,24,MAM,True
20220426_20220601,2022-04-26,2022-06-01,0.29592824,0.2940408,0.3078702,0.44858156028368795,36,MAM,False
20220426_20220613,2022-04-26,2022-06-13,0.2923028,0.28701913,0.31033927,0.40425531914893614,48,MAM,False
20220508_20220520,2022-05-08,2022-05-20,0.49015257,0.46410084,0.38699663,0.824468085106383,12,MAM,True
20220508_20220601,2022-05-08,2022-06-01,0.2908479,0.28861484,0.30792034,0.41134751773049644,24,MAM,False
20220508_20220613,2022-05-08,2022-06-13,0.3032093,0.29351342,0.32035387,0.4734042553191489,36,MAM,True
20220508_20220625,2022-05-08,2022-06-25,0.29462028,0.28569916,0.3131169,0.3953900709219858,48,MAM,False
20220520_20220601,2022-05-20,2022-06-01,0.2963955,0.2906435,0.3101761,0.42907801418439717,12,MAM,False
20220520_20220613,2022-05-20,2022-06-13,0.33135873,0.30208609,0.32425666,0.5177304964539007,24,MAM,True
20220520_20220625,2022-05-20,2022-06-25,0.2969896,0.29160592,0.3138118,0.4521276595744681,36,MAM,False
20220520_20220707,2022-05-20,2022-07-07,0.29934645,0.292481,0.31120142,0.43617021276595747,48,MAM,False
20220601_20220613,2022-06-01,2022-06-13,0.30156258,0.29278356,0.3146684,0.4397163120567376,12,JJA,True
20220601_20220625,2022-06-01,2022-06-25,0.28294918,0.2786972,0.30787316,0.33687943262411346,24,JJA,False
20220601_20220707,2022-06-01,2022-07-07,0.29240227,0.29028606,0.308052,0.4166666666666667,36,JJA,False
20220601_20220719,2022-06-01,2022-07-19,0.29185626,0.2874962,0.30670106,0.40070921985815605,48,JJA,False
20220613_20220625,2022-06-13,2022-06-25,0.35777384,0.3248536,0.34428078,0.648936170212766,12,JJA,True
20220613_20220707,2022-06-13,2022-07-07,0.3030627,0.2968842,0.33304223,0.4698581560283688,24,JJA,True
20220613_20220719,2022-06-13,2022-07-19,0.30361608,0.29422075,0.31819272,0.4574468085106383,36,JJA,True
20220613_20220731,2022-06-13,2022-07-31,0.29783425,0.28925204,0.30911988,0.42021276595744683,48,JJA,False
20220625_20220707,2022-06-25,2022-07-07,0.3344938,0.31461605,0.38129556,0.599290780141844,12,JJA,True
20220625_20220719,2022-06-25,2022-07-19,0.30076438,0.29391825,0.34443226,0.450354609929078,24,JJA,True
20220625_20220731,2022-06-25,2022-07-31,0.29899818,0.29338858,0.31932008,0.43617021276595747,36,JJA,False
20220625_20220812,2022-06-25,2022-08-12,0.30330783,0.29870594,0.31131408,0.4875886524822695,48,JJA,True
20220707_20220719,2022-07-07,2022-07-19,0.3533547,0.32952446,0.41585872,0.6312056737588653,12,JJA,True
20220707_20220731,2022-07-07,2022-07-31,0.30087972,0.2942304,0.3285179,0.4397163120567376,24,JJA,True
20220707_20220812,2022-07-07,2022-08-12,0.302933,0.29611295,0.31487033,0.45390070921985815,36,JJA,True
20220707_20220824,2022-07-07,2022-08-24,0.28792918,0.28223658,0.31025872,0.38475177304964536,48,JJA,False
20220719_20220731,2022-07-19,2022-07-31,0.34408936,0.3159597,0.3547361,0.6117021276595744,12,JJA,True
20220719_20220812,2022-07-19,2022-08-12,0.2977817,0.2897227,0.32289523,0.4308510638297872,24,JJA,False
20220719_20220824,2022-07-19,2022-08-24,0.29270935,0.2870707,0.30858275,0.4078014184397163,36,JJA,False
20220719_20220905,2022-07-19,2022-09-05,0.29906932,0.29247126,0.3236695,0.40425531914893614,48,JJA,False
20220731_20220812,2022-07-31,2022-08-12,0.35786393,0.33780152,0.36006284,0.6808510638297872,12,JJA,True
20220731_20220824,2022-07-31,2022-08-24,0.30168688,0.2965731,0.3215307,0.4769503546099291,24,JJA,True
20220731_20220905,2022-07-31,2022-09-05,0.2998762,0.29408926,0.31824213,0.4627659574468085,36,JJA,False
20220731_20220917,2022-07-31,2022-09-17,0.30481234,0.2984295,0.32021144,0.48226950354609927,48,JJA,True
20220812_20220824,2022-08-12,2022-08-24,0.31671482,0.30579206,0.34672824,0.5443262411347518,12,JJA,True
20220812_20220905,2022-08-12,2022-09-05,0.37722912,0.34210902,0.34127846,0.6524822695035462,24,JJA,True
20220812_20220917,2022-08-12,2022-09-17,0.305205,0.29886347,0.31458962,0.49645390070921985,36,JJA,True
20220812_20220929,2022-08-12,2022-09-29,0.30276376,0.2988891,0.31541216,0.48936170212765956,48,JJA,True
20220824_20220905,2022-08-24,2022-09-05,0.33068776,0.31653172,0.33534834,0.5886524822695035,12,JJA,True
20220824_20220917,2022-08-24,2022-09-17,0.3132806,0.3028229,0.427179,0.5159574468085106,24,JJA,True
20220824_20220929,2022-08-24,2022-09-29,0.34841436,0.3235932,0.77077883,0.6081560283687943,36,JJA,True
20220824_20221011,2022-08-24,2022-10-11,0.3021303,0.2937876,0.38496977,0.4432624113475177,48,JJA,True
20220905_20220917,2022-09-05,2022-09-17,0.35974416,0.33437613,0.3546757,0.6968085106382979,12,SON,True
20220905_20220929,2022-09-05,2022-09-29,0.32195136,0.3098122,0.3402796,0.5531914893617021,24,SON,True
20220905_20221011,2022-09-05,2022-10-11,0.32090056,0.30584887,0.31865594,0.5390070921985816,36,SON,True
20220905_20221023,2022-09-05,2022-10-23,0.300643,0.294717,0.31083894,0.4645390070921986,48,SON,True
20220917_20220929,2022-09-17,2022-09-29,0.5907126,0.57329196,0.49168497,0.9379432624113475,12,SON,True
20220917_20221011,2022-09-17,2022-10-11,0.39727676,0.36046752,0.3603814,0.7411347517730497,24,SON,True
20220917_20221023,2022-09-17,2022-10-23,0.3353204,0.3132242,0.36891106,0.5780141843971631,36,SON,True
20220917_20221104,2022-09-17,2022-11-04,0.3197927,0.30434906,0.35149074,0.5177304964539007,48,SON,True
20220929_20221011,2022-09-29,2022-10-11,0.6068794,0.6536609,0.5719251,0.9308510638297872,12,SON,True
20220929_20221023,2022-09-29,2022-10-23,0.56407195,0.57112014,0.51904804,0.9042553191489362,24,SON,True
20220929_20221104,2022-09-29,2022-11-04,0.50212264,0.5121717,0.50473684,0.8368794326241135,36,SON,True
20220929_20221116,2022-09-29,2022-11-16,0.40959242,0.38771713,0.50841165,0.7624113475177305,48,SON,True
20221011_20221023,2022-10-11,2022-10-23,0.5233449,0.5071192,0.5135876,0.8723404255319149,12,SON,True
20221011_20221104,2022-10-11,2022-11-04,0.56980866,0.57008666,0.5309472,0.9539007092198581,24,SON,True
20221011_20221116,2022-10-11,2022-11-16,0.3858629,0.3535897,0.37770236,0.7446808510638298,36,SON,True
20221011_20221128,2022-10-11,2022-11-28,0.32892138,0.3136788,0.3488731,0.5868794326241135,48,SON,True
20221023_20221104,2022-10-23,2022-11-04,0.892953,0.9094784,0.8557763,1.0,12,SON,True
20221023_20221116,2022-10-23,2022-11-16,0.75544673,0.76603794,0.699613,0.99822695035461,24,SON,True
20221023_20221128,2022-10-23,2022-11-28,0.709095,0.75740695,0.77068484,0.9822695035460993,36,SON,True
20221023_20221210,2022-10-23,2022-12-10,0.62216157,0.653681,0.70711434,0.9326241134751773,48,SON,True
20221104_20221116,2022-11-04,2022-11-16,0.9468099,0.9574195,0.8694259,1.0,12,SON,True
20221104_20221128,2022-11-04,2022-11-28,0.8460961,0.89354724,0.8505488,0.9929078014184397,24,SON,True
20221104_20221210,2022-11-04,2022-12-10,0.7766713,0.80691516,0.7937089,1.0,36,SON,True
20221104_20221222,2022-11-04,2022-12-22,0.32355937,0.30630398,0.3871286,0.5620567375886525,48,SON,True
20221116_20221128,2022-11-16,2022-11-28,0.9295082,0.9484134,0.85547274,1.0,12,SON,True
20221116_20221210,2022-11-16,2022-12-10,0.90522766,0.92748344,0.8551513,1.0,24,SON,True
20221116_20221222,2022-11-16,2022-12-22,0.3478072,0.31826848,0.4379328,0.6276595744680851,36,SON,True
20221116_20230103,2022-11-16,2023-01-03,0.5528807,0.54857326,0.77521133,0.9095744680851063,48,SON,True
20221128_20221210,2022-11-28,2022-12-10,0.9604585,0.96935666,0.8992348,1.0,12,SON,True
20221128_20221222,2022-11-28,2022-12-22,0.35290748,0.33054143,0.5177261,0.6471631205673759,24,SON,True
20221128_20230103,2022-11-28,2023-01-03,0.57654226,0.6083567,0.7426486,0.8936170212765957,36,SON,True
20221128_20230115,2022-11-28,2023-01-15,0.35738122,0.32993603,0.6328646,0.6081560283687943,48,SON,True
20221210_20221222,2022-12-10,2022-12-22,0.4215663,0.40084684,0.5354944,0.75,12,DJF,True
20221210_20230103,2022-12-10,2023-01-03,0.68982583,0.74074197,0.8321157,0.9539007092198581,24,DJF,True
20221210_20230115,2022-12-10,2023-01-15,0.38943675,0.36346525,0.6076131,0.7535460992907801,36,DJF,True
20221210_20230127,2022-12-10,2023-01-27,0.45544168,0.42925897,0.7530601,0.8049645390070922,48,DJF,True
20221222_20230103,2022-12-22,2023-01-03,0.32149807,0.30636185,0.5060576,0.549645390070922,12,DJF,True
20221222_20230115,2022-12-22,2023-01-15,0.5069239,0.51518583,0.71375924,0.8475177304964538,24,DJF,True
20221222_20230127,2022-12-22,2023-01-27,0.34843203,0.32451722,0.48955205,0.6347517730496454,36,DJF,True
20221222_20230208,2022-12-22,2023-02-08,0.30023313,0.29831696,0.38437372,0.48404255319148937,48,DJF,True
20230103_20230115,2023-01-03,2023-01-15,0.3900291,0.36022884,0.6426103,0.7039007092198581,12,DJF,True
20230103_20230127,2023-01-03,2023-01-27,0.40157062,0.3820094,0.72415674,0.7216312056737588,24,DJF,True
20230103_20230208,2023-01-03,2023-02-08,0.449602,0.4228673,0.6879658,0.8333333333333334,36,DJF,True
20230103_20230220,2023-01-03,2023-02-20,0.36161557,0.32895017,0.6338593,0.6595744680851063,48,DJF,True
20230115_20230127,2023-01-15,2023-01-27,0.7918685,0.8297872,0.7556695,0.9911347517730497,12,DJF,True
20230115_20230208,2023-01-15,2023-02-08,0.3229486,0.30728313,0.44691116,0.5673758865248227,24,DJF,True
20230115_20230220,2023-01-15,2023-02-20,0.38731688,0.35503614,0.67545813,0.7588652482269503,36,DJF,True
20230115_20230304,2023-01-15,2023-03-04,0.33838433,0.31770474,0.60198474,0.5797872340425532,48,DJF,True
20230127_20230208,2023-01-27,2023-02-08,0.33446947,0.30922705,0.51794416,0.5567375886524822,12,DJF,True
20230127_20230220,2023-01-27,2023-02-20,0.37619355,0.34211886,0.5602752,0.7180851063829787,24,DJF,True
20230127_20230304,2023-01-27,2023-03-04,0.36198756,0.3305465,0.5810608,0.6436170212765957,36,DJF,True
20230127_20230316,2023-01-27,2023-03-16,0.3642779,0.32704455,0.74937963,0.6099290780141844,48,DJF,True
20230208_20230220,2023-02-08,2023-02-20,0.5854383,0.60716754,0.5407334,0.9273049645390071,12,DJF,True
20230208_20230304,2023-02-08,2023-03-04,0.59614116,0.62058145,0.53015476,0.925531914893617,24,DJF,True
20230208_20230316,2023-02-08,2023-03-16,0.45266113,0.4159308,0.76285696,0.7269503546099291,36,DJF,True
20230208_20230328,2023-02-08,2023-03-28,0.36480236,0.3284241,0.42357412,0.6400709219858156,48,DJF,True
20230220_20230304,2023-02-20,2023-03-04,0.8632311,0.8764433,0.76224375,1.0,12,DJF,True
20230220_20230316,2023-02-20,2023-03-16,0.531593,0.5348076,0.80547714,0.8723404255319149,24,DJF,True
20230220_20230328,2023-02-20,2023-03-28,0.43187535,0.40237188,0.6464632,0.8031914893617021,36,DJF,True
20230220_20230409,2023-02-20,2023-04-09,0.3508641,0.33285022,0.48882967,0.6631205673758865,48,DJF,True
20230304_20230316,2023-03-04,2023-03-16,0.5841361,0.5859103,0.8402915,0.9095744680851063,12,MAM,True
20230304_20230328,2023-03-04,2023-03-28,0.5449318,0.5540653,0.8277647,0.9184397163120568,24,MAM,True
20230304_20230409,2023-03-04,2023-04-09,0.5280667,0.520463,0.8318241,0.8953900709219859,36,MAM,True
20230304_20230421,2023-03-04,2023-04-21,0.33460045,0.31581107,0.5525148,0.5797872340425532,48,MAM,True
20230316_20230328,2023-03-16,2023-03-28,0.89989936,0.929991,0.78914577,0.9893617021276596,12,MAM,True
20230316_20230409,2023-03-16,2023-04-09,0.6349456,0.69926506,0.92181516,0.9078014184397163,24,MAM,True
20230316_20230421,2023-03-16,2023-04-21,0.39625877,0.36401576,0.6174866,0.725177304964539,36,MAM,True
20230316_20230503,2023-03-16,2023-05-03,0.32291958,0.3035696,0.3899445,0.549645390070922,48,MAM,True
20230328_20230409,2023-03-28,2023-04-09,0.8662118,0.9198941,0.81042534,1.0,12,MAM,True
20230328_20230421,2023-03-28,2023-04-21,0.40375495,0.38875583,0.46297118,0.7304964539007093,24,MAM,True
20230328_20230503,2023-03-28,2023-05-03,0.35563335,0.33394352,0.3673797,0.6826241134751773,36,MAM,True
20230328_20230515,2023-03-28,2023-05-15,0.3026375,0.2957542,0.4309666,0.4645390070921986,48,MAM,True
20230409_20230421,2023-04-09,2023-04-21,0.56780237,0.5771816,0.6704996,0.8971631205673759,12,MAM,True
20230409_20230503,2023-04-09,2023-05-03,0.48009112,0.4557396,0.5009979,0.8280141843971631,24,MAM,True
20230409_20230515,2023-04-09,2023-05-15,0.2927203,0.28630853,0.34503454,0.40425531914893614,36,MAM,False
20230409_20230527,2023-04-09,2023-05-27,0.29795596,0.2938672,0.3187303,0.46808510638297873,48,MAM,False
20230421_20230503,2023-04-21,2023-05-03,0.5556949,0.5851844,0.37480488,0.8386524822695035,12,MAM,True
20230421_20230515,2023-04-21,2023-05-15,0.2969556,0.29083675,0.32747546,0.4219858156028369,24,MAM,False
20230421_20230527,2023-04-21,2023-05-27,0.2995214,0.2918019,0.32166207,0.45567375886524825,36,MAM,False
20230421_20230608,2023-04-21,2023-06-08,0.29019642,0.2851219,0.31192383,0.40070921985815605,48,MAM,False
20230503_20230515,2023-05-03,2023-05-15,0.33780324,0.30283114,0.31526983,0.5141843971631206,12,MAM,True
20230503_20230527,2023-05-03,2023-05-27,0.38304403,0.3520651,0.384753,0.6897163120567376,24,MAM,True
20230503_20230608,2023-05-03,2023-06-08,0.30109763,0.2932368,0.31815192,0.44858156028368795,36,MAM,True
20230503_20230620,2023-05-03,2023-06-20,0.29941785,0.296709,0.3140215,0.4734042553191489,48,MAM,False
20230515_20230527,2023-05-15,2023-05-27,0.30238417,0.2923777,0.32055533,0.41312056737588654,12,MAM,True
20230515_20230608,2023-05-15,2023-06-08,0.2920603,0.29012424,0.30758253,0.3829787234042553,24,MAM,False
20230515_20230620,2023-05-15,2023-06-20,0.29660177,0.291009,0.30608076,0.4166666666666667,36,MAM,False
20230515_20230702,2023-05-15,2023-07-02,0.30089515,0.29363757,0.3056226,0.45567375886524825,48,MAM,True
20230527_20230608,2023-05-27,2023-06-08,0.41351283,0.35930112,0.3645851,0.7287234042553191,12,MAM,True
20230527_20230620,2023-05-27,2023-06-20,0.3277017,0.315586,0.33605632,0.5833333333333334,24,MAM,True
20230527_20230702,2023-05-27,2023-07-02,0.29701272,0.2913027,0.30611008,0.41312056737588654,36,MAM,False
20230527_20230714,2023-05-27,2023-07-14,0.31287608,0.30332005,0.31711003,0.524822695035461,48,MAM,True
20230608_20230620,2023-06-08,2023-06-20,0.46382445,0.40335166,0.44801205,0.7588652482269503,12,JJA,True
20230608_20230702,2023-06-08,2023-07-02,0.2971859,0.29228872,0.30676144,0.4219858156028369,24,JJA,False
20230608_20230714,2023-06-08,2023-07-14,0.30803886,0.3047415,0.31206366,0.524822695035461,36,JJA,True
20230608_20230726,2023-06-08,2023-07-26,0.2963121,0.2936585,0.3016398,0.45390070921985815,48,JJA,False
20230620_20230702,2023-06-20,2023-07-02,0.3099044,0.30147034,0.3144768,0.5141843971631206,12,JJA,True
20230620_20230714,2023-06-20,2023-07-14,0.3316907,0.3164559,0.31754854,0.5868794326241135,24,JJA,True
20230620_20230726,2023-06-20,2023-07-26,0.2975349,0.29127365,0.30634412,0.43617021276595747,36,JJA,False
20230620_20230807,2023-06-20,2023-08-07,0.29844174,0.29254264,0.3045891,0.42021276595744683,48,JJA,False
20230702_20230714,2023-07-02,2023-07-14,0.32694626,0.31094313,0.31748435,0.5726950354609929,12,JJA,True
20230702_20230726,2023-07-02,2023-07-26,0.31031647,0.29687995,0.3636434,0.4804964539007092,24,JJA,True
20230702_20230807,2023-07-02,2023-08-07,0.30152452,0.2943223,0.3127952,0.45390070921985815,36,JJA,True
20230702_20230819,2023-07-02,2023-08-19,0.2922082,0.28692967,0.32987365,0.41312056737588654,48,JJA,False
20230714_20230726,2023-07-14,2023-07-26,0.37744597,0.3462892,0.35025448,0.6560283687943262,12,JJA,True
20230714_20230807,2023-07-14,2023-08-07,0.297148,0.28934446,0.31093827,0.4024822695035461,24,JJA,False
20230714_20230819,2023-07-14,2023-08-19,0.29470164,0.29083663,0.31684247,0.43617021276595747,36,JJA,False
20230714_20230831,2023-07-14,2023-08-31,0.29154035,0.2893654,0.30505192,0.39893617021276595,48,JJA,False
20230726_20230807,2023-07-26,2023-08-07,0.30371907,0.2965543,0.39505562,0.46808510638297873,12,JJA,True
20230726_20230819,2023-07-26,2023-08-19,0.30155706,0.28816858,0.41051543,0.44680851063829785,24,JJA,True
20230726_20230831,2023-07-26,2023-08-31,0.28910005,0.28738374,0.3297195,0.4024822695035461,36,JJA,False
20230726_20230912,2023-07-26,2023-09-12,0.29394358,0.28894573,0.30913576,0.42021276595744683,48,JJA,False
20230807_20230819,2023-08-07,2023-08-19,0.31013936,0.29795116,0.3534931,0.49113475177304966,12,JJA,True
20230807_20230831,2023-08-07,2023-08-31,0.31108513,0.30331776,0.4894228,0.5319148936170213,24,JJA,True
20230807_20230912,2023-08-07,2023-09-12,0.2979685,0.29174477,0.30970573,0.44148936170212766,36,JJA,False
20230807_20230924,2023-08-07,2023-09-24,0.29546613,0.29230195,0.34889108,0.41134751773049644,48,JJA,False
20230819_20230831,2023-08-19,2023-08-31,0.42206153,0.39848268,0.5128551,0.7730496453900709,12,JJA,True
20230819_20230912,2023-08-19,2023-09-12,0.31076786,0.29453477,0.5382423,0.44680851063829785,24,JJA,True
20230819_20230924,2023-08-19,2023-09-24,0.30116785,0.29445425,0.5128078,0.4716312056737589,36,JJA,True
20230819_20231006,2023-08-19,2023-10-06,0.28934816,0.28618556,0.33107364,0.36524822695035464,48,JJA,False
20230831_20230912,2023-08-31,2023-09-12,0.31030986,0.29907423,0.3560485,0.49113475177304966,12,JJA,True
20230831_20230924,2023-08-31,2023-09-24,0.30064276,0.29492787,0.3994351,0.45567375886524825,24,JJA,True
20230831_20231006,2023-08-31,2023-10-06,0.3112514,0.30461687,0.47221062,0.5354609929078015,36,JJA,True
20230831_20231018,2023-08-31,2023-10-18,0.29451987,0.29013503,0.3657183,0.41843971631205673,48,JJA,False
20230912_20230924,2023-09-12,2023-09-24,0.41847715,0.38062614,0.7631869,0.7712765957446809,12,SON,True
20230912_20231006,2023-09-12,2023-10-06,0.2960414,0.29332924,0.32173055,0.450354609929078,24,SON,False
20230912_20231018,2023-09-12,2023-10-18,0.30215243,0.29376942,0.3219697,0.45390070921985815,36,SON,True
20230912_20231030,2023-09-12,2023-10-30,0.2994715,0.2936053,0.30816185,0.4219858156028369,48,SON,False
20230924_20231006,2023-09-24,2023-10-06,0.48194987,0.47280747,0.5139858,0.8865248226950354,12,SON,True
20230924_20231018,2023-09-24,2023-10-18,0.49174598,0.4743904,0.47259384,0.8723404255319149,24,SON,True
20230924_20231030,2023-09-24,2023-10-30,0.30142325,0.29751056,0.32277918,0.4787234042553192,36,SON,True
20230924_20231111,2023-09-24,2023-11-11,0.2952023,0.29332715,0.32036,0.4627659574468085,48,SON,False
20231006_20231018,2023-10-06,2023-10-18,0.5969598,0.59913725,0.4620777,0.9202127659574468,12,SON,True
20231006_20231030,2023-10-06,2023-10-30,0.33648714,0.32227176,0.45431992,0.6329787234042553,24,SON,True
20231006_20231111,2023-10-06,2023-11-11,0.30751303,0.30039608,0.4245401,0.5053191489361702,36,SON,True
20231006_20231123,2023-10-06,2023-11-23,0.3133328,0.3058081,0.39328244,0.5549645390070922,48,SON,True
20231018_20231030,2023-10-18,2023-10-30,0.33455646,0.31404552,0.40557086,0.6099290780141844,12,SON,True
20231018_20231111,2023-10-18,2023-11-11,0.30818114,0.3002244,0.38302374,0.5053191489361702,24,SON,True
20231018_20231123,2023-10-18,2023-11-23,0.30166525,0.29388067,0.3302074,0.46099290780141844,36,SON,True
20231018_20231205,2023-10-18,2023-12-05,0.3011245,0.29494777,0.3267462,0.4574468085106383,48,SON,True
20231030_20231111,2023-10-30,2023-11-11,0.5831397,0.5850338,0.90751463,0.9219858156028369,12,SON,True
20231030_20231123,2023-10-30,2023-11-23,0.35692126,0.33051538,0.5920114,0.6932624113475178,24,SON,True
20231030_20231205,2023-10-30,2023-12-05,0.30520806,0.29951435,0.35417685,0.49822695035460995,36,SON,True
20231030_20231217,2023-10-30,2023-12-17,0.31726435,0.295705,0.5623328,0.48936170212765956,48,SON,True
20231111_20231123,2023-11-11,2023-11-23,0.48843277,0.47098017,0.68497247,0.8404255319148937,12,SON,True
20231111_20231205,2023-11-11,2023-12-05,0.33919415,0.3198859,0.38489845,0.6081560283687943,24,SON,True
20231111_20231217,2023-11-11,2023-12-17,0.37449777,0.3423581,0.6283155,0.6684397163120568,36,SON,True
20231111_20231229,2023-11-11,2023-12-29,0.326351,0.31035596,0.63366866,0.5939716312056738,48,SON,True
20231123_20231205,2023-11-23,2023-12-05,0.336378,0.31616297,0.38133398,0.5815602836879432,12,SON,True
20231123_20231217,2023-11-23,2023-12-17,0.46559235,0.4300718,0.68135446,0.8368794326241135,24,SON,True
20231123_20231229,2023-11-23,2023-12-29,0.40821734,0.37743747,0.60660684,0.7127659574468085,36,SON,True
20231123_20240110,2023-11-23,2024-01-10,0.29677182,0.29288274,0.3600283,0.4219858156028369,48,SON,False
20231205_20231217,2023-12-05,2023-12-17,0.35159487,0.32628155,0.41112968,0.624113475177305,12,DJF,True
20231205_20231229,2023-12-05,2023-12-29,0.32956097,0.31188726,0.3798603,0.5762411347517731,24,DJF,True
20231205_20240110,2023-12-05,2024-01-10,0.3156258,0.30530518,0.44475934,0.526595744680851,36,DJF,True
20231205_20240122,2023-12-05,2024-01-22,0.29641795,0.29489458,0.30472448,0.44148936170212766,48,DJF,False
20231217_20231229,2023-12-17,2023-12-29,0.4505946,0.38492203,0.74602866,0.7411347517730497,12,DJF,True
20231217_20240110,2023-12-17,2024-01-10,0.3088999,0.30184743,0.38353935,0.5124113475177305,24,DJF,True
20231217_20240122,2023-12-17,2024-01-22,0.30220488,0.2949782,0.3203613,0.4432624113475177,36,DJF,True
20231217_20240203,2023-12-17,2024-02-03,0.39299357,0.3379217,0.6760222,0.6861702127659575,48,DJF,True
20231229_20240110,2023-12-29,2024-01-10,0.36468598,0.33356658,0.44962835,0.6914893617021277,12,DJF,True
20231229_20240122,2023-12-29,2024-01-22,0.30702475,0.30524856,0.3288927,0.5390070921985816,24,DJF,True
20231229_20240203,2023-12-29,2024-02-03,0.432567,0.38909298,0.7649915,0.7446808510638298,36,DJF,True
20231229_20240215,2023-12-29,2024-02-15,0.36713922,0.32957545,0.5387619,0.625886524822695,48,DJF,True
20240110_20240122,2024-01-10,2024-01-22,0.30510265,0.2971229,0.30626532,0.48404255319148937,12,DJF,True
20240110_20240203,2024-01-10,2024-02-03,0.32378188,0.3021515,0.42223817,0.5177304964539007,24,DJF,True
20240110_20240215,2024-01-10,2024-02-15,0.30134037,0.29410988,0.34263903,0.4645390070921986,36,DJF,True
20240110_20240227,2024-01-10,2024-02-27,0.3219794,0.3031391,0.38314307,0.5336879432624113,48,DJF,True
20240122_20240203,2024-01-22,2024-02-03,0.30378923,0.29911724,0.31649277,0.48936170212765956,12,DJF,True
20240122_20240215,2024-01-22,2024-02-15,0.3060592,0.29572776,0.3194293,0.4698581560283688,24,DJF,True
20240122_20240227,2024-01-22,2024-02-27,0.2990799,0.29366502,0.35034332,0.4574468085106383,36,DJF,False
20240122_20240310,2024-01-22,2024-03-10,0.29521257,0.29457372,0.30558932,0.4521276595744681,48,DJF,False
20240203_20240215,2024-02-03,2024-02-15,0.49885598,0.4768598,0.5929217,0.875886524822695,12,DJF,True
20240203_20240227,2024-02-03,2024-02-27,0.59118164,0.59096,0.75653255,0.9078014184397163,24,DJF,True
20240203_20240310,2024-02-03,2024-03-10,0.36528307,0.33679456,0.47810277,0.6560283687943262,36,DJF,True
20240203_20240322,2024-02-03,2024-03-22,0.4154385,0.36486873,0.5942922,0.7588652482269503,48,DJF,True
20240215_20240227,2024-02-15,2024-02-27,0.71074325,0.72929144,0.77739894,0.9769503546099291,12,DJF,True
20240215_20240310,2024-02-15,2024-03-10,0.41309518,0.37962478,0.36042294,0.7819148936170213,24,DJF,True
20240215_20240322,2024-02-15,2024-03-22,0.5567477,0.5548826,0.64563364,0.9131205673758865,36,DJF,True
20240215_20240403,2024-02-15,2024-04-03,0.35378763,0.32655632,0.44275072,0.6365248226950354,48,DJF,True
20240227_20240310,2024-02-27,2024-03-10,0.8352146,0.8750286,0.5343432,0.9946808510638298,12,DJF,True
20240227_20240322,2024-02-27,2024-03-22,0.79613,0.8158282,0.87861097,1.0,24,DJF,True
20240227_20240403,2024-02-27,2024-04-03,0.72566813,0.7481971,0.8891593,0.9822695035460993,36,DJF,True
20240227_20240415,2024-02-27,2024-04-15,0.3138512,0.30324405,0.328714,0.5230496453900709,48,DJF,True
20240310_20240322,2024-03-10,2024-03-22,0.79763573,0.8315433,0.4691292,0.99822695035461,12,MAM,True
20240310_20240403,2024-03-10,2024-04-03,0.492808,0.48400816,0.5486795,0.8723404255319149,24,MAM,True
20240310_20240415,2024-03-10,2024-04-15,0.3529564,0.3227228,0.34176704,0.624113475177305,36,MAM,True
20240310_20240427,2024-03-10,2024-04-27,0.36491176,0.3469839,0.39324114,0.675531914893617,48,MAM,True
20240322_20240403,2024-03-22,2024-04-03,0.55776244,0.5621739,0.7542269,0.9095744680851063,12,MAM,True
20240322_20240415,2024-03-22,2024-04-15,0.32324845,0.30720538,0.32236022,0.5407801418439716,24,MAM,True
20240322_20240427,2024-03-22,2024-04-27,0.29924467,0.29048067,0.32255164,0.4379432624113475,36,MAM,False
20240322_20240509,2024-03-22,2024-05-09,0.29157382,0.29283103,0.3101366,0.41843971631205673,48,MAM,False
20240403_20240415,2024-04-03,2024-04-15,0.52820355,0.5224638,0.37565255,0.9078014184397163,12,MAM,True
20240403_20240427,2024-04-03,2024-04-27,0.43931314,0.4253243,0.38522458,0.7943262411347518,24,MAM,True
20240403_20240509,2024-04-03,2024-05-09,0.30525747,0.29559007,0.31370223,0.475177304964539,36,MAM,True
20240403_20240521,2024-04-03,2024-05-21,0.29138497,0.2826174,0.30830786,0.3670212765957447,48,MAM,False
20240415_20240427,2024-04-15,2024-04-27,0.6352039,0.6339704,0.5397281,0.9273049645390071,12,MAM,True
20240415_20240509,2024-04-15,2024-05-09,0.371733,0.34423268,0.36281222,0.6826241134751773,24,MAM,True
20240415_20240521,2024-04-15,2024-05-21,0.30888543,0.29974636,0.30795988,0.49822695035460995,36,MAM,True
20240415_20240602,2024-04-15,2024-06-02,0.30010378,0.29400718,0.30854076,0.4397163120567376,48,MAM,True
20240427_20240509,2024-04-27,2024-05-09,0.4789836,0.49621654,0.38275748,0.8386524822695035,12,MAM,True
20240427_20240521,2024-04-27,2024-05-21,0.29571965,0.2879352,0.31854966,0.4024822695035461,24,MAM,False
20240427_20240602,2024-04-27,2024-06-02,0.29619965,0.29208598,0.32018304,0.425531914893617,36,MAM,False
20240427_20240614,2024-04-27,2024-06-14,0.2943922,0.2909372,0.30725706,0.4095744680851064,48,MAM,False
20240509_20240521,2024-05-09,2024-05-21,0.45152554,0.43945602,0.3227971,0.8315602836879432,12,MAM,True
20240509_20240602,2024-05-09,2024-06-02,0.29010746,0.2814852,0.31146938,0.3280141843971631,24,MAM,False
20240509_20240614,2024-05-09,2024-06-14,0.28886938,0.28418788,0.30817303,0.3723404255319149,36,MAM,False
20240509_20240626,2024-05-09,2024-06-26,0.29677445,0.2884884,0.30805546,0.3971631205673759,48,MAM,False
20240521_20240602,2024-05-21,2024-06-02,0.31928053,0.3074468,0.33059055,0.5407801418439716,12,MAM,True
20240521_20240614,2024-05-21,2024-06-14,0.29407045,0.2878754,0.33103436,0.3953900709219858,24,MAM,False
20240521_20240626,2024-05-21,2024-06-26,0.28716594,0.28005466,0.30985528,0.34929078014184395,36,MAM,False
20240602_20240614,2024-06-02,2024-06-14,0.3793279,0.3591487,0.33696634,0.6968085106382979,12,JJA,True
20240602_20240626,2024-06-02,2024-06-26,0.29343015,0.28985053,0.31599703,0.41134751773049644,24,JJA,False
20240602_20240720,2024-06-02,2024-07-20,0.30226183,0.29980183,0.3057991,0.48936170212765956,48,JJA,True
20240614_20240626,2024-06-14,2024-06-26,0.3421534,0.3165893,0.3262588,0.5886524822695035,12,JJA,True
20240614_20240720,2024-06-14,2024-07-20,0.301135,0.29764915,0.30660462,0.4804964539007092,36,JJA,True
20240614_20240801,2024-06-14,2024-08-01,0.2946542,0.28995916,0.3056429,0.4166666666666667,48,JJA,False
20240626_20240720,2024-06-26,2024-07-20,0.30365115,0.29771474,0.33102402,0.48404255319148937,24,JJA,True
20240626_20240801,2024-06-26,2024-08-01,0.2912798,0.2844958,0.3175274,0.39184397163120566,36,JJA,False
20240626_20240813,2024-06-26,2024-08-13,0.29013813,0.2817728,0.30836868,0.3599290780141844,48,JJA,False
20240720_20240801,2024-07-20,2024-08-01,0.40944877,0.3654989,0.38658595,0.7411347517730497,12,JJA,True
20240720_20240813,2024-07-20,2024-08-13,0.31131214,0.30462962,0.35032925,0.5212765957446809,24,JJA,True
20240720_20240825,2024-07-20,2024-08-25,0.30045176,0.2926737,0.3131501,0.4592198581560284,36,JJA,True
20240720_20240906,2024-07-20,2024-09-06,0.29507595,0.2878642,0.3086191,0.4237588652482269,48,JJA,False
20240801_20240813,2024-08-01,2024-08-13,0.3436956,0.32827374,0.38824305,0.624113475177305,12,JJA,True
20240801_20240825,2024-08-01,2024-08-25,0.29910326,0.28768057,0.35369954,0.4095744680851064,24,JJA,False
20240801_20240906,2024-08-01,2024-09-06,0.2985138,0.28962588,0.31494594,0.41843971631205673,36,JJA,False
20240801_20240918,2024-08-01,2024-09-18,0.29199192,0.28154266,0.30713254,0.35106382978723405,48,JJA,False
20240813_20240825,2024-08-13,2024-08-25,0.3631784,0.3298403,0.3538516,0.6702127659574468,12,JJA,True
20240813_20240906,2024-08-13,2024-09-06,0.30110136,0.29471147,0.35460606,0.46099290780141844,24,JJA,True
20240813_20240918,2024-08-13,2024-09-18,0.3021722,0.29762363,0.31418708,0.4787234042553192,36,JJA,True
20240813_20240930,2024-08-13,2024-09-30,0.30374762,0.30013746,0.311991,0.50177304964539,48,JJA,True
20240825_20240906,2024-08-25,2024-09-06,0.33377087,0.32131103,0.34293473,0.6223404255319149,12,JJA,True
20240825_20240918,2024-08-25,2024-09-18,0.3217198,0.30889273,0.3217766,0.574468085106383,24,JJA,True
20240825_20240930,2024-08-25,2024-09-30,0.309034,0.3011688,0.32383022,0.5195035460992907,36,JJA,True
20240825_20241012,2024-08-25,2024-10-12,0.30119908,0.29247582,0.32004243,0.43617021276595747,48,JJA,True
20240906_20240918,2024-09-06,2024-09-18,0.39852044,0.3708598,0.34779164,0.7659574468085106,12,SON,True
20240906_20240930,2024-09-06,2024-09-30,0.43132943,0.42160094,0.3502177,0.8421985815602837,24,SON,True
20240906_20241012,2024-09-06,2024-10-12,0.34551,0.328558,0.32119247,0.6382978723404256,36,SON,True
20240906_20241024,2024-09-06,2024-10-24,0.32274133,0.30668217,0.32115692,0.5460992907801419,48,SON,True
20240918_20240930,2024-09-18,2024-09-30,0.5752703,0.5560881,0.6607092,0.9414893617021277,12,SON,True
20240918_20241012,2024-09-18,2024-10-12,0.49854258,0.49028814,0.50864565,0.8847517730496454,24,SON,True
20240918_20241024,2024-09-18,2024-10-24,0.34087393,0.31625742,0.4464547,0.6028368794326241,36,SON,True
20240918_20241105,2024-09-18,2024-11-05,0.31515026,0.3025897,0.39488217,0.5070921985815603,48,SON,True
20240930_20241012,2024-09-30,2024-10-12,0.88721615,0.9237859,0.84466094,1.0,12,SON,True
20240930_20241024,2024-09-30,2024-10-24,0.6299582,0.69797873,0.6549943,0.8457446808510638,24,SON,True
20240930_20241105,2024-09-30,2024-11-05,0.43805012,0.4146124,0.4690214,0.7978723404255319,36,SON,True
20240930_20241117,2024-09-30,2024-11-17,0.3268759,0.3116025,0.33564845,0.5673758865248227,48,SON,True
20241012_20241024,2024-10-12,2024-10-24,0.8671002,0.905032,0.6091705,1.0,12,SON,True
20241012_20241105,2024-10-12,2024-11-05,0.6103582,0.6297933,0.56382895,0.900709219858156,24,SON,True
20241012_20241117,2024-10-12,2024-11-17,0.3888392,0.3488077,0.35942042,0.725177304964539,36,SON,True
20241012_20241129,2024-10-12,2024-11-29,0.3312636,0.30607694,0.33126798,0.5407801418439716,48,SON,True
20241024_20241105,2024-10-24,2024-11-05,0.93379503,0.9510375,0.8030927,1.0,12,SON,True
20241024_20241117,2024-10-24,2024-11-17,0.55137926,0.5484688,0.42699003,0.925531914893617,24,SON,True
20241024_20241129,2024-10-24,2024-11-29,0.33466208,0.31287676,0.4114125,0.5691489361702128,36,SON,True
20241024_20241211,2024-10-24,2024-12-11,0.33053678,0.3134909,0.43256247,0.5762411347517731,48,SON,True
20241105_20241117,2024-11-05,2024-11-17,0.9177125,0.9354255,0.75661564,1.0,12,SON,True
20241105_20241129,2024-11-05,2024-11-29,0.42855495,0.41632006,0.760771,0.7659574468085106,24,SON,True
20241105_20241211,2024-11-05,2024-12-11,0.42364338,0.4006483,0.7130356,0.7819148936170213,36,SON,True
20241105_20241223,2024-11-05,2024-12-23,0.37436894,0.34649548,0.609654,0.7127659574468085,48,SON,True
20241117_20241129,2024-11-17,2024-11-29,0.44232374,0.40967858,0.7156178,0.7783687943262412,12,SON,True
20241117_20241211,2024-11-17,2024-12-11,0.46032602,0.42909768,0.70046616,0.8280141843971631,24,SON,True
20241117_20241223,2024-11-17,2024-12-23,0.42514497,0.41163778,0.7167121,0.8333333333333334,36,SON,True
20241129_20241211,2024-11-29,2024-12-11,0.9298815,0.94454336,0.9555687,1.0,12,SON,True
20241129_20241223,2024-11-29,2024-12-23,0.6379072,0.6682378,0.85800785,0.9627659574468085,24,SON,True
20241211_20241223,2024-12-11,2024-12-23,0.8762961,0.89404833,0.9134228,1.0,12,DJF,True
